category,name,price_text,product_url,image_url
Home Art Light,Aura CYL WL 1LS B22 White,,https://havells.com/lighting/home-art-light/aura-cyl-wl-1ls-b22-white-lhfobfe1nz1w7x5.html,https://havells.com/media/catalog/product/cache/bebb556ccaa04236261d8ba5676ddf4d/l/h/lhfobfe1nz1w7x5.jpg
Home Art Light,Aura WL 1LS Black B22 PPCP,,https://havells.com/lighting/home-art-light/aura-wl-1ls-black-b22-ppcp-lhfhatebtl1k7x5.html,https://havells.com/media/catalog/product/cache/bebb556ccaa04236261d8ba5676ddf4d/l/h/lhfhatebtl1k7x5.jpg
Home Art Light,Floretine WL 1LS B22 SS PPCP,,https://havells.com/lighting/home-art-light/floretine-wl-1ls-b22-ss-ppcp-lhfoaje1tn1i060.html,https://havells.com/media/catalog/product/cache/bebb556ccaa04236261d8ba5676ddf4d/l/h/lhfoaje1tn1i060.jpg
Home Art Light,Venz WL 1LS ABR E27 PPCP,,https://havells.com/lighting/home-art-light/venz-wl-1ls-abr-e27-ppcp-lhfobcd1tz1o7x5.html,https://havells.com/media/catalog/product/cache/bebb556ccaa04236261d8ba5676ddf4d/l/h/lhfobcd1tz1o7x5.jpg
Home Art Light,Venz WL 2LS ABR E27 PPCP,,https://havells.com/lighting/home-art-light/venz-wl-2ls-abr-e27-ppcp-lhfobcd2tz1o7x5.html,https://havells.com/media/catalog/product/cache/bebb556ccaa04236261d8ba5676ddf4d/v/e/venz_2ls_wall_light_1_2.jpg
Home Art Light,Floretine WL 2LS ABR B22 Glass,,https://havells.com/lighting/home-art-light/floretine-wl-2ls-abr-b22-glass-lhfoaje2tz1o7x5.html,https://havells.com/media/catalog/product/cache/bebb556ccaa04236261d8ba5676ddf4d/f/l/floretine_wl_2ls_abr_b22_glass_1.jpg
Home Art Light,Glaze Wall Light,,https://havells.com/lighting/home-art-light/glaze-wall-light-lhfoece1tz1b014.html,https://havells.com/media/catalog/product/cache/bebb556ccaa04236261d8ba5676ddf4d/l/h/lhfoece1tz1b014_1_1.jpg
Home Art Light,Stylo Wall Light,,https://havells.com/lighting/home-art-light/stylo-wall-light-lhfoece1tz1o014.html,https://havells.com/media/catalog/product/cache/bebb556ccaa04236261d8ba5676ddf4d/l/h/lhfoece1tz1o014_1_1.jpg
Home Art Light,Gobleto WL 2LS E27 GLD,,https://havells.com/lighting/home-art-light/gobleto-wl-2ls-e27-gld-lhfoakd2tz1d060.html,https://havells.com/media/catalog/product/cache/bebb556ccaa04236261d8ba5676ddf4d/l/h/lhfoakd2tz1d060.jpg
Home Art Light,Gobleto WL 1LS E27 GLD,,https://havells.com/lighting/home-art-light/gobleto-wl-1ls-e27-gld-lhfoakd1tz1d060.html,https://havells.com/media/catalog/product/cache/bebb556ccaa04236261d8ba5676ddf4d/l/h/lhfoakd1tz1d060.jpg
Home Art Light,Floretine WL 1LS E27 ABR,,https://havells.com/lighting/home-art-light/floretine-wl-1ls-e27-abr-lhfoajd1tz1t060.html,https://havells.com/media/catalog/product/cache/bebb556ccaa04236261d8ba5676ddf4d/l/h/lhfoajd1tz1t060_1.jpg
Home Art Light,Floretine WL 1LS E27 CGN,,https://havells.com/lighting/home-art-light/floretine-wl-1ls-e27-cgn-lhfoajd1tz1a060.html,https://havells.com/media/catalog/product/cache/bebb556ccaa04236261d8ba5676ddf4d/l/h/lhfoajd1tz1a060.jpg
Home Art Light,Floretine WL 2LS B22 SS,,https://havells.com/lighting/home-art-light/floretine-wl-2ls-b22-ss-lhfoaje2tz1i060.html,https://havells.com/media/catalog/product/cache/bebb556ccaa04236261d8ba5676ddf4d/l/h/lhfoaje2tz1i060.jpg
Home Art Light,Omni Pendant 3LS E27 Matt GLD,,https://havells.com/lighting/home-art-light/omni-pendant-3ls-e27-matt-gld-lhfiawd3tn1t021.html,https://havells.com/media/catalog/product/cache/bebb556ccaa04236261d8ba5676ddf4d/o/m/omni_pendant_3ls_e27matt_gld_1.jpg
Home Art Light,Questo Pendant 1LS E27 Matt GLD,,https://havells.com/lighting/home-art-light/questo-pendant-1ls-e27-matt-gld-lhfiayd1tn1t007.html,https://havells.com/media/catalog/product/cache/bebb556ccaa04236261d8ba5676ddf4d/q/u/questo_pendant_1ls_e27matt_gld_1.jpg
Home Art Light,Versa Pendant 1LS E27 Matt GLD,,https://havells.com/lighting/home-art-light/versa-pendant-1ls-e27-matt-gld-lhfiaxd1tn1t007.html,https://havells.com/media/catalog/product/cache/bebb556ccaa04236261d8ba5676ddf4d/v/e/versa_pendant_1ls_e27matt_gld_1.jpg
LED COB,Crysta Neo Swivel COB Spotlight,,https://havells.com/lighting/led-cob/lheeaqpdib1w024-c.html,https://havells.com/media/catalog/product/cache/bebb556ccaa04236261d8ba5676ddf4d/f/h/fhvvehuwht06_97__18.jpg
LED COB,Crysta Deco Surface LED COB,,https://havells.com/lighting/led-cob/crysta-deco-surface-led-cob.html,https://havells.com/media/catalog/product/cache/bebb556ccaa04236261d8ba5676ddf4d/c/r/crysta_deco_sur_cob_blk_g_1_1.jpg
LED COB,Crysta Deco 3-in-1 LED COB,,https://havells.com/lighting/led-cob/crysta-deco-3-in-1-led-cob.html,https://havells.com/media/catalog/product/cache/bebb556ccaa04236261d8ba5676ddf4d/b/l/black_base_3.jpg
LED COB,Crysta Deco LED COB,,https://havells.com/lighting/led-cob/crysta-deco-cob-7-w-3-k-matt-black-lheebepbue1h007-1.html,https://havells.com/media/catalog/product/cache/bebb556ccaa04236261d8ba5676ddf4d/c/r/crysta_deco_matt_black_1_1.jpg
LED Downlighter,Luna LED JB Downlight,,https://havells.com/lighting/led-downlighters/luna-led-jb-downlight.html,https://havells.com/media/catalog/product/cache/bebb556ccaa04236261d8ba5676ddf4d/l/u/luna_6_w_1_2.jpg
LED Downlighter,Lumeno LED Downlight 5 W 9 in 1 RD,,https://havells.com/lighting/led-downlighters/lumeno-led-downlight-5-w-9-in-1-rd-lhfbayppnu1w005.html,https://havells.com/media/catalog/product/cache/bebb556ccaa04236261d8ba5676ddf4d/l/u/lumeno_1_1.jpg
LED Downlighter,Luna LED RBP JB Downlight,,https://havells.com/lighting/led-downlighters/luna-led-rbp-jb-downlight.html,https://havells.com/media/catalog/product/cache/bebb556ccaa04236261d8ba5676ddf4d/l/u/luna_rbp_6_w_1_1.jpg
LED Downlighter,Luna LED 3 in 1 JB Downlight,,https://havells.com/lighting/led-downlighters/luna-led-3-in-1-jb-downlight.html,https://havells.com/media/catalog/product/cache/bebb556ccaa04236261d8ba5676ddf4d/l/u/luna_3in1_6_w_1_1.jpg
LED Downlighter,Joy Neo LED JB Downlight 12 W Duo 6500 K + Blue,,https://havells.com/lighting/led-downlighters/joy-neo-led-jb-downlight-12-w-duo-6500-k-blue-lhebampeiz1w012.html,https://havells.com/media/catalog/product/cache/bebb556ccaa04236261d8ba5676ddf4d/j/o/joy_neo_1.jpg
LED Downlighter,Joy Neo LED JB Downlight 12 W Duo 6500 K + 3000 K,,https://havells.com/lighting/led-downlighters/joy-neo-led-jb-downlight-12-w-duo-6500-k-3000-k-lhebamp7iz1w012.html,https://havells.com/media/catalog/product/cache/bebb556ccaa04236261d8ba5676ddf4d/l/h/lhebamp7iz1w012.jpg
LED Downlighter,Lumeno LED Downlight Round V5,,https://havells.com/lighting/led-downlighters/lumeno-led-downlight-round-v5.html,https://havells.com/media/catalog/product/cache/bebb556ccaa04236261d8ba5676ddf4d/l/u/lumeno_2.jpg
LED Spotlight,Innova Neo LED Spotlight Round,,https://havells.com/lighting/led-spotlight/innova-neo-led-spotlight-round.html,https://havells.com/media/catalog/product/cache/bebb556ccaa04236261d8ba5676ddf4d/f/h/fhvvehuwht06_98__9.jpg
LED Spotlight,Luna Striker LED Spotlight,,https://havells.com/lighting/led-spotlight/luna-striker-led-spotlight.html,https://havells.com/media/catalog/product/cache/bebb556ccaa04236261d8ba5676ddf4d/l/u/luna_striker_5_w_3_1.jpg
LED Spotlight,Crysta Deco Surface LED COB,,https://havells.com/lighting/led-spotlight/crysta-deco-surface-led-cob.html,https://havells.com/media/catalog/product/cache/bebb556ccaa04236261d8ba5676ddf4d/c/r/crysta_deco_sur_cob_blk_g_1_1.jpg
LED Spotlight,Crysta Deco LED COB,,https://havells.com/lighting/led-spotlight/crysta-deco-cob-7-w-3-k-matt-black-lheebepbue1h007-1.html,https://havells.com/media/catalog/product/cache/bebb556ccaa04236261d8ba5676ddf4d/c/r/crysta_deco_matt_black_1_1.jpg
LED Spotlight,Olivia Smart Spotlight BLE MESH,,https://havells.com/lighting/led-spotlight/olivia-smart-spotlight-ble-mesh.html,https://havells.com/media/catalog/product/cache/bebb556ccaa04236261d8ba5676ddf4d/o/l/olivia_smart_base_1_1.jpg
LED Spotlight,Crysta Neo Swivel COB 3 in 1 Spotlight,,https://havells.com/lighting/led-spotlight/crysta-neo-swivel-cob-3-in-1-spotlight.html,https://havells.com/media/catalog/product/cache/bebb556ccaa04236261d8ba5676ddf4d/c/r/crysta_neo_3_in_1_2_1.jpg
LED Spotlight,Astral Neo LED Spotlight,,https://havells.com/lighting/led-spotlight/astral-neo-led-spotlight.html,https://havells.com/media/catalog/product/cache/bebb556ccaa04236261d8ba5676ddf4d/a/s/astral_neo_led_spotlight_2_w_3000_k_1.jpg
Glamtubes,Neutron Plus Glamtube 20 W,,https://havells.com/lighting/glamtubes/neutron-plus-glamtube-20-w.html,https://havells.com/media/catalog/product/cache/bebb556ccaa04236261d8ba5676ddf4d/n/e/neutron_plus_1_1.jpg
Glamtubes,Orion Plus Glamtube 20 W 6500 K,,https://havells.com/lighting/glamtubes/orion-plus-glamtube-20-w-6500-k-lhfaaypfnu1w020.html,https://havells.com/media/catalog/product/cache/bebb556ccaa04236261d8ba5676ddf4d/l/h/lhfaaypfnu1w020_1__1.jpg
Glamtubes,Aurora Sleek Glamtube,,https://havells.com/lighting/glamtubes/aurora-sleek-glamtube-lhldddbnd5r20-c.html,https://havells.com/media/catalog/product/cache/bebb556ccaa04236261d8ba5676ddf4d/a/u/aurora_sleek_base_1_1.jpg
Glamtubes,Aurora Plus Glamtube 20 W,,https://havells.com/lighting/glamtubes/aurora-plus-glamtube-20-w-lhfaaypgnu1w020.html,https://havells.com/media/catalog/product/cache/bebb556ccaa04236261d8ba5676ddf4d/l/h/lhfaaypgnu1w020_2_.jpg
Glamtubes,Stella Glamtube,,https://havells.com/lighting/glamtubes/lhewajpgpv1d020-c.html,https://havells.com/media/catalog/product/cache/bebb556ccaa04236261d8ba5676ddf4d/import/Lighting/Glamtube/LHEWAJPGPV1D020.jpg
Glamtubes,Aurora 20 W 3000 K Glamtube,,https://havells.com/lighting/glamtubes/aurora-20-w-3000-k-glamtube-lhewajpgpv1j020.html,https://havells.com/media/catalog/product/cache/bebb556ccaa04236261d8ba5676ddf4d/import/Lighting/Glamtube/LHEWAJPGPV1J020.jpg
Glamtubes,Atria 36 W 4000 K Glamtube,,https://havells.com/lighting/glamtubes/atria-36-w-4000-k-glamtube-lhewajpgpv1e036.html,https://havells.com/media/catalog/product/cache/bebb556ccaa04236261d8ba5676ddf4d/import/Lighting/Glamtube/LHEWAJPGPV1E036.jpg
Glamtubes,Vanessa Plus Glamtube 20 W,,https://havells.com/lighting/glamtubes/vanessa-plus-glamtube-20-w-lhfaayppnu1w020.html,https://havells.com/media/catalog/product/cache/bebb556ccaa04236261d8ba5676ddf4d/l/h/lhfaayppnu1w020_1_.jpg
LED Battens,Pride Ultra NXT LED Batten,,https://havells.com/lighting/led-battens/pride-ultra-nxt-led-batten.html,https://havells.com/media/catalog/product/cache/bebb556ccaa04236261d8ba5676ddf4d/l/e/led_pride_ultra_nxt_batten_1__1_1.jpg
LED Battens,Elenor Broad LED Batten,,https://havells.com/lighting/led-battens/elenor-broad-led-batten.html,https://havells.com/media/catalog/product/cache/bebb556ccaa04236261d8ba5676ddf4d/e/l/elenor_broad_batten-270924_b_11_base_1_1.jpg
LED Battens,Austra Cabinet LED Batten,,https://havells.com/lighting/led-battens/austra-cabinet-led-batten.html,https://havells.com/media/catalog/product/cache/bebb556ccaa04236261d8ba5676ddf4d/b/a/batten_base_4.jpg
LED Battens,LED Pride Plus NXT Batten,,https://havells.com/lighting/led-battens/led-pride-plus-nxt-batten.html,https://havells.com/media/catalog/product/cache/bebb556ccaa04236261d8ba5676ddf4d/l/e/led_pride_plus_1.jpg
LED Battens,Elenor Plus Broad 20 W LED Batten,,https://havells.com/lighting/led-battens/elenor-plus-broad-20-w-led-batten-lhebfopni37w020.html,https://havells.com/media/catalog/product/cache/bebb556ccaa04236261d8ba5676ddf4d/e/l/elenor_plus_led_broad_batten_1_.jpg
LED Battens,Austra Plus 20 W LED Batten,,https://havells.com/lighting/led-battens/austra-plus-20-w-led-batten-lhfaaypbnu1w020.html,https://havells.com/media/catalog/product/cache/bebb556ccaa04236261d8ba5676ddf4d/l/h/lhfaaypbnu1w020_2__1.jpg
LED Battens,Austra Arc 20 W LED Batten,,https://havells.com/lighting/led-battens/austra-arc-20-w-led-batten-lhebfopnia7w020.html,https://havells.com/media/catalog/product/cache/bebb556ccaa04236261d8ba5676ddf4d/a/u/austra_arc_corner_light-270924_19_base_1.jpg
LED Battens,Pride Ultra 20 W 6500 K LED Batten,,https://havells.com/lighting/led-battens/pride-ultra-20-w-6500-k-led-batten-lhexazp7in1w020.html,https://havells.com/media/catalog/product/cache/bebb556ccaa04236261d8ba5676ddf4d/l/e/led_pride_ultra_led_pride_plus_nxt_36-40w_pride_plus_neo_18w_w-o_glow_base_1.jpg
LED Battens,Pride Essential 20 W 6500 K LED Batten,,https://havells.com/lighting/led-battens/pride-essential-20-w-6500-k-led-batten-lhexawp7un1w020.html,https://havells.com/media/catalog/product/cache/bebb556ccaa04236261d8ba5676ddf4d/l/e/led_pride_plus_nxt_batten_1.jpg
LED Battens,Aurora 20 W 3000 K Glamtube,,https://havells.com/lighting/led-battens/aurora-20-w-3000-k-glamtube-lhewajpgpv1j020.html,https://havells.com/media/catalog/product/cache/bebb556ccaa04236261d8ba5676ddf4d/import/Lighting/Glamtube/LHEWAJPGPV1J020.jpg
LED Battens,Atria 36 W 4000 K Glamtube,,https://havells.com/lighting/led-battens/atria-36-w-4000-k-glamtube-lhewajpgpv1e036.html,https://havells.com/media/catalog/product/cache/bebb556ccaa04236261d8ba5676ddf4d/import/Lighting/Glamtube/LHEWAJPGPV1E036.jpg
LED Lamps,Rojo LED Lamp 7 W B22,,https://havells.com/lighting/lighting-led-lamps/rojo-led-lamp-7-w-b22.html,https://havells.com/media/catalog/product/cache/bebb556ccaa04236261d8ba5676ddf4d/r/e/red_base_2.jpg
LED Lamps,Inverter LED Bulb B22 CDL Lamp V2,,https://havells.com/lighting/lighting-led-lamps/inverter-led-bulb-b22-cdl-lamp-v2.html,https://havells.com/media/catalog/product/cache/bebb556ccaa04236261d8ba5676ddf4d/i/n/inverter_led_1_base_2.jpg
LED Lamps,Adore Jumbo LED 50 W B22 CDL D Lamp,,https://havells.com/lighting/lighting-led-lamps/adore-jumbo-led-b22-cdl-d-lamp.html,https://havells.com/media/catalog/product/cache/bebb556ccaa04236261d8ba5676ddf4d/5/0/50_w_base_2.jpg
LED Lamps,Adore LED 7 W B22 WW Lamp,,https://havells.com/lighting/lighting-led-lamps/adore-led-b22-lamp.html,https://havells.com/media/catalog/product/cache/bebb556ccaa04236261d8ba5676ddf4d/l/h/lhldddbniy2t007_1_1.jpg
LED Lamps,LED Plus 9 W E27 CDL 2S LAMP V8i,,https://havells.com/lighting/lighting-led-lamps/led-plus-9-w-e27-2s-lamp-v8i.html,https://havells.com/media/catalog/product/cache/bebb556ccaa04236261d8ba5676ddf4d/l/h/lhldddhbia5r010_2_1.jpg
LED Lamps,Adore LED Plus 20 W B22 WW V5,,https://havells.com/lighting/lighting-led-lamps/adore-led-plus-20-w-b22-ww-v5.html,https://havells.com/media/catalog/product/cache/bebb556ccaa04236261d8ba5676ddf4d/l/h/lhlderenih2r020_b_1__1_1.jpg
LED Lamps,Adore LED Plus 20 W E27 CDL V5,,https://havells.com/lighting/lighting-led-lamps/adore-led-plus-20-w-e27-v5.html,https://havells.com/media/catalog/product/cache/bebb556ccaa04236261d8ba5676ddf4d/l/h/lhlderenil2n020_b_2_1.jpg
LED Lamps,Adore LED 2.8 W E27 WW Candle Lamp,,https://havells.com/lighting/lighting-led-lamps/adore-led-2-8-w-e27-ww-candle-lamp.html,https://havells.com/media/catalog/product/cache/bebb556ccaa04236261d8ba5676ddf4d/2/_/2.8_e27_base_1_1.jpg
LED Lamps,Adore LED 2.8 W E14 WW Candle Lamp,,https://havells.com/lighting/lighting-led-lamps/adore-led-2-8-w-e14-ww-candle-lamp.html,https://havells.com/media/catalog/product/cache/bebb556ccaa04236261d8ba5676ddf4d/2/_/2.8_e14_candle_base_1_1.jpg
LED Lamps,Adore LED 2.8 W B22 CDL Ball Lamp,,https://havells.com/lighting/lighting-led-lamps/adore-led-28-w-b22-cdl-ball-lamp-lhldeuecml8r2x8-1.html,https://havells.com/media/catalog/product/cache/bebb556ccaa04236261d8ba5676ddf4d/f/h/fhvvehuwht06_97__1_1_1.jpg
LED Lamps,Adore LED 2.8 W E27 WW Ball Lamp,,https://havells.com/lighting/lighting-led-lamps/adore-led-28-w-e27-ww-ball-lamp-lhldeuhcmc8r2x8-1.html,https://havells.com/media/catalog/product/cache/bebb556ccaa04236261d8ba5676ddf4d/b/a/ball_base_1_1.jpg
LED Lamps,Adore LED 2.8 W E14 WW Ball Lamp,,https://havells.com/lighting/lighting-led-lamps/adore-led-2-8-w-e14-ww-ball-lamp.html,https://havells.com/media/catalog/product/cache/bebb556ccaa04236261d8ba5676ddf4d/2/_/2.8_e14_ball_base_1_1.jpg
LED Lamps,Classy Plus LED B22 CDL Lamp,,https://havells.com/lighting/lighting-led-lamps/classy-plus-led-b22-cdl-lamp.html,https://havells.com/media/catalog/product/cache/bebb556ccaa04236261d8ba5676ddf4d/c/l/classy_13_w_15_w_17_w_1_1.jpg
LED Lamps,Charge Plus Inverter CDL B22 LED,,https://havells.com/lighting/lighting-led-lamps/charge-plus-inverter-cdl-b22-led.html,https://havells.com/media/catalog/product/cache/bebb556ccaa04236261d8ba5676ddf4d/l/h/lhldddeaibnr009_b_1_1.jpg
LED Lamps,NU Bulb Plus B22 CDL V2,,https://havells.com/lighting/lighting-led-lamps/nu-bulb-plus-b22-cdl-v2.html,https://havells.com/media/catalog/product/cache/bebb556ccaa04236261d8ba5676ddf4d/n/u/nu_b_1_1.jpg
LED Lamps,Adore LED Lamp 0.7 W B22,,https://havells.com/lighting/lighting-led-lamps/adore-led-lamp-0-7-w-b22.html,https://havells.com/media/catalog/product/cache/bebb556ccaa04236261d8ba5676ddf4d/y/e/yellow_b_1_2.jpg
LED Lamps,Lumos 10 W TW+RGB Floor Lamp BLE-MESH,,https://havells.com/lighting/lighting-led-lamps/lumos-10-w-twrgb-floor-lamp-ble-mesh-lhehdip1nn1w010.html,https://havells.com/media/catalog/product/cache/bebb556ccaa04236261d8ba5676ddf4d/l/u/lumos_10w_tw_rgb_floor_lamp_copy_base_1.jpg
LED Lamps,Aura 10 W TW+RGB Portable Lamp BLE-MESH,,https://havells.com/lighting/lighting-led-lamps/aura-10-w-twrgb-portable-lamp-ble-mesh-lhehdhp1nn1k010.html,https://havells.com/media/catalog/product/cache/bebb556ccaa04236261d8ba5676ddf4d/a/u/aura_10w_base_1.jpg
LED Lamps,LED Plus 9 W B22 CDL LAMP V9,,https://havells.com/lighting/lighting-led-lamps/led-plus-9-w-b22-cdl-lamp-v9-lhldddbn5rnn009.html,https://havells.com/media/catalog/product/cache/bebb556ccaa04236261d8ba5676ddf4d/l/h/lhldddbn5rnn009_b_1.jpg
LED Lamps,LED Plus 15 W B22 CDL LAMP,,https://havells.com/lighting/lighting-led-lamps/led-plus-15-w-b22-cdl-lamp-lhldddbnl5r015.html,https://havells.com/media/catalog/product/cache/bebb556ccaa04236261d8ba5676ddf4d/l/h/lhldddbnl5r015_b.jpg
LED Lamps,Florid Ultra LED Lamp 36 W B22 CDL,,https://havells.com/lighting/lighting-led-lamps/florid-ultra-led-lamp-36-w-b22-cdl-lhldeiedml8x36.html,https://havells.com/media/catalog/product/cache/bebb556ccaa04236261d8ba5676ddf4d/l/h/lhldeiedml8x36_base_1.jpg
LED Lamps,LED Plus 7 W B22 CDL Lamp V8n,,https://havells.com/lighting/lighting-led-lamps/led-plus-7-w-b22-cdl-lamp-v8n-lhldddeaia4n007.html,https://havells.com/media/catalog/product/cache/bebb556ccaa04236261d8ba5676ddf4d/l/h/lhldddeaia4n007_base_1.jpg
LED Lamps,LED Plus 5 W B22 CDL Lamp V8N,,https://havells.com/lighting/lighting-led-lamps/led-plus-5-w-b22-cdl-lamp-v8n-lhldddeaia4n005.html,https://havells.com/media/catalog/product/cache/bebb556ccaa04236261d8ba5676ddf4d/l/h/lhldddeaia4n005_base.jpg
LED Lamps,Adore Jumbo LED 60 W B22 CDL Lamp,,https://havells.com/lighting/lighting-led-lamps/adore-jumbo-led-60-w-b22-cdl-lamp-lhldbuenml8r060.html,https://havells.com/media/catalog/product/cache/bebb556ccaa04236261d8ba5676ddf4d/l/h/lhldbuenml8r070_b_1.jpg
LED Lamps,Intellicharge 9 W B22 CDL Inverter Lamp,,https://havells.com/lighting/lighting-led-lamps/intellicharge-9-w-b22-cdl-inverter-lamp-lhldddeaib5r009.html,https://havells.com/media/catalog/product/cache/bebb556ccaa04236261d8ba5676ddf4d/l/h/lhldddeaib5r009_1.jpg
LED Lamps,LED Plus 12 W B22 CDL LAMP,,https://havells.com/lighting/lighting-led-lamps/led-plus-12-w-b22-cdl-lamp-lhldddbnl5r012.html,https://havells.com/media/catalog/product/cache/bebb556ccaa04236261d8ba5676ddf4d/l/h/lhldddbnl5r012_1.jpg
LED Lamps,LED Inverter Bulb 8.5 W B22 CDL,,https://havells.com/lighting/lighting-led-lamps/led-inverter-bulb-85-w-b22-cdl-lhldayeaml8r8x5.html,https://havells.com/media/catalog/product/cache/bebb556ccaa04236261d8ba5676ddf4d/l/h/lhldayeaml8r8x5_b.jpg
LED Lamps,Adore LED Candle,,https://havells.com/lighting/led-lamps/adore-led-28-w-b22-cdl-candle-lamp-lhldeueeml8r2x8-c.html,https://havells.com/media/catalog/product/cache/bebb556ccaa04236261d8ba5676ddf4d/2/_/2.8_candle_base_2.jpg
LED Lamps,NU Bulb Plus 12 W B22 CDL M10,,https://havells.com/lighting/lighting-led-lamps/nu-bulb-plus-12-w-b22-cdl-m10-lhlajdbnl5r12.html,https://havells.com/media/catalog/product/cache/bebb556ccaa04236261d8ba5676ddf4d/n/u/nu_plus_base_2.jpg
LED Lamps,LED Plus 10 W B22 CDL 1S LAMP V7,,https://havells.com/lighting/lighting-led-lamps/led-plus-10-w-b22-cdl-1s-lamp-v7-lhlddebnl5r10.html,https://havells.com/media/catalog/product/cache/bebb556ccaa04236261d8ba5676ddf4d/l/h/lhlddebnl5r10_1.jpg
LED Lamps,Inverter LED Bulb B22 CDL Lamp,,https://havells.com/lighting/lighting-led-lamps/inverter-led-bulb-b22-cdl-lamp.html,https://havells.com/media/catalog/product/cache/bebb556ccaa04236261d8ba5676ddf4d/2/0/20_w_1_1.jpg
LED Lamps,Adore Plus LED Lamp 20 W B22 CDL M10,,https://havells.com/lighting/lighting-led-lamps/adore-plus-led-lamp-20-w-b22-cdl-m10-lhlajdbnl5r20.html,https://havells.com/media/catalog/product/cache/bebb556ccaa04236261d8ba5676ddf4d/l/h/lhlajdbnl5r20_b.jpg
LED Lamps,LED Plus 9 W B22 CDL Lamp V7,,https://havells.com/lighting/led-lamps/led-plus-9-w-b22-cdl-lamp-v7-lhldddbnl5r009.html,https://havells.com/media/catalog/product/cache/bebb556ccaa04236261d8ba5676ddf4d/l/h/lhldddbnl5r009_1.jpg
LED Lamps,LED Plus 5 W E27 CDL 2S LAMP V8i,,https://havells.com/lighting/lighting-led-lamps/led-plus-5-w-e27-cdl-2s-lamp-v8i-lhldddhcib5r005.html,https://havells.com/media/catalog/product/cache/bebb556ccaa04236261d8ba5676ddf4d/5/w/5w_e27_1.jpg
LED Lamps,Adore Jumbo LED Lamp B22 CDL 2S D Lamp,,https://havells.com/lighting/lighting-led-lamps/adore-jumbo-led-b22-cdl-2s-d-lamp.html,https://havells.com/media/catalog/product/cache/bebb556ccaa04236261d8ba5676ddf4d/l/h/lhldddbnl5r26_1_1.jpg
LED Lamps,NU Plus 15 W B22 CDL Lamp,,https://havells.com/lighting/lighting-led-lamps/nu-plus-15-w-b22-cdl-lamp-lhldeuecnl9r015.html,https://havells.com/media/catalog/product/cache/bebb556ccaa04236261d8ba5676ddf4d/n/u/nu_plus_base_2_2.jpg
Portable Lighting,LTS Orbital 2-IN-1 Rechargeable Torch 4 W,,https://havells.com/lighting/portable-lighting/lts-orbital-2-in-1-rechargeable-torch-4-w-lhextlp7bn1w004.html,https://havells.com/media/catalog/product/cache/bebb556ccaa04236261d8ba5676ddf4d/l/h/lhextlp7bn1w004_b.jpg
Portable Lighting,LTS Ranger NXT 3 W,,https://havells.com/lighting/portable-lighting/lts-ranger-nxt-3-w-lhextmpggn1r003.html,https://havells.com/media/catalog/product/cache/bebb556ccaa04236261d8ba5676ddf4d/b/a/base_images_19__1_2_1.jpg
Portable Lighting,LTS Twin Ray 3.5 W Rechargeable Torch,,https://havells.com/lighting/portable-lighting/lts-twin-ray-35-w-rechargeable-torch-lhexthp7bn1d3x5.html,https://havells.com/media/catalog/product/cache/bebb556ccaa04236261d8ba5676ddf4d/l/h/lhexthp7bn1d3x5_1__1.jpg
Portable Lighting,LTS Acqualite 3.2 W,,https://havells.com/lighting/portable-lighting/lts-acqualite-32-w-lhexajp7cn1b3x2.html,https://havells.com/media/catalog/product/cache/bebb556ccaa04236261d8ba5676ddf4d/l/h/lhexajp7cn1b3x2_1__1.jpg
Portable Lighting,LTS Glow NEO 3 W LED Torch,,https://havells.com/lighting/portable-lighting/lts-glow-neo-3-w-led-torch-lhextjpgnn1w003.html,https://havells.com/media/catalog/product/cache/bebb556ccaa04236261d8ba5676ddf4d/l/h/lhextjpgnn1w003_1__1.jpg
Portable Lighting,LTS Beam Mini NXT 10,,https://havells.com/lighting/portable-lighting/lts-beam-mini-nxt-10-lhexaupgcn1k001.html,https://havells.com/media/catalog/product/cache/bebb556ccaa04236261d8ba5676ddf4d/l/h/lhexaupgcn1k001_1.jpg
Portable Lighting,LTS Sleekbeam NEO P 400 mm 1.5 W,,https://havells.com/lighting/portable-lighting/lts-sleekbeam-neo-p.html,https://havells.com/media/catalog/product/cache/bebb556ccaa04236261d8ba5676ddf4d/n/e/neo_1.5_base_1_1.jpg
Portable Lighting,LTS Sleekbeam Plus L 260 mm 1.5 W,,https://havells.com/lighting/portable-lighting/lts-sleekbeam-plus-l.html,https://havells.com/media/catalog/product/cache/bebb556ccaa04236261d8ba5676ddf4d/s/l/sleakbeam_1.5_base_1_1.jpg
Portable Lighting,LTS Metallique 3 W Metal Torch,,https://havells.com/lighting/portable-lighting/lts-metallique-3-w-metal-torch-lhextlpgcn1k003.html,https://havells.com/media/catalog/product/cache/bebb556ccaa04236261d8ba5676ddf4d/l/h/lhextlpgcn1k003_b_1.jpg
Portable Lighting,LTS Pathfinder ULTRA 3 W,,https://havells.com/lighting/portable-lighting/lts-pathfinder-ultra-3-w-lhextnpgcn1r003.html,https://havells.com/media/catalog/product/cache/bebb556ccaa04236261d8ba5676ddf4d/b/a/base_3_w_1.jpg
Portable Lighting,Lucento Table Lamp 4.5 W,,https://havells.com/lighting/portable-lighting/lucento-table-lamp-45-w-lhextkp7cn1w4x5.html,https://havells.com/media/catalog/product/cache/bebb556ccaa04236261d8ba5676ddf4d/l/a/lamp_base_1.jpg
Portable Lighting,LTS Colorix Rechargeable LED Torch,,https://havells.com/lighting/portable-lighting/lts-colorix-rechargeable-led-torch.html,https://havells.com/media/catalog/product/cache/bebb556ccaa04236261d8ba5676ddf4d/l/h/lhextjpgbn1y001_1__1_1.jpg
Portable Lighting,LTS Moderna B22 Lamp Base,,https://havells.com/lighting/portable-lighting/lts-moderna-b22-lamp-base-lhfxbzn1tn1r006.html,https://havells.com/media/catalog/product/cache/bebb556ccaa04236261d8ba5676ddf4d/f/i/final.jpg
Portable Lighting,LTS  Moderna Plus 3 IN 1,,https://havells.com/lighting/portable-lighting/lts-moderna-plus-3-in-1-lhexbzpncn1r006.html,https://havells.com/media/catalog/product/cache/bebb556ccaa04236261d8ba5676ddf4d/l/h/lhexbzpncn1r006_1.jpg
Portable Lighting,Sparkline Neo 0.5 W LED Torch,,https://havells.com/lighting/portable-lighting/sparkline-neo-05-w-led-torch-lhexthpgtn1b0x5.html,https://havells.com/media/catalog/product/cache/bebb556ccaa04236261d8ba5676ddf4d/l/h/lhexthpgtn1b0x5_1_2.jpg
Portable Lighting,Sparkline Mini Neo 0.5 W LED Torch,,https://havells.com/lighting/portable-lighting/sparkline-mini-neo-05-w-led-torch-lhexthpftn1b0x5.html,https://havells.com/media/catalog/product/cache/bebb556ccaa04236261d8ba5676ddf4d/l/h/lhexthpftn1b0x5_1_2.jpg
Smart Lighting,Nova 25 W TW+RGB Ceiling Light BLE-MESH,,https://havells.com/lighting/smart-lighting/nova-25-w-twrgb-ceiling-light-ble-mesh-lhehdgp1nn1k025.html,https://havells.com/media/catalog/product/cache/bebb556ccaa04236261d8ba5676ddf4d/n/o/nova_25w_tw_rgb_ceiling_light_base_1.jpg
Smart Lighting,Callux 16 W TW Ceiling Spot BLE-MESH,,https://havells.com/lighting/smart-lighting/callux-16-w-tw-ceiling-spot-ble-mesh-lhehdhp1nn1w016.html,https://havells.com/media/catalog/product/cache/bebb556ccaa04236261d8ba5676ddf4d/c/a/callux_16w_tw_ceiling_spot_copy_base_1.jpg
Smart Lighting,Galaktic Smart LED Strip BLE MESH,,https://havells.com/lighting/smart-lighting/galaktic-smart-led-strip-ble-mesh.html,https://havells.com/media/catalog/product/cache/bebb556ccaa04236261d8ba5676ddf4d/g/a/galaktic_smart_led_strip_2_1.jpg
Smart Lighting,Olivia Smart Spotlight BLE MESH,,https://havells.com/lighting/smart-lighting/olivia-smart-spotlight-ble-mesh.html,https://havells.com/media/catalog/product/cache/bebb556ccaa04236261d8ba5676ddf4d/o/l/olivia_smart_base_1_1.jpg
Smart Lighting,Orion 40 W TW+RGB Projector BLE-MESH,,https://havells.com/lighting/smart-lighting/orion-40-w-twrgb-projector-ble-mesh-lhehdhp1nn1k040.html,https://havells.com/media/catalog/product/cache/bebb556ccaa04236261d8ba5676ddf4d/l/h/lhehdhp1nn1k040_base_1.jpg
Smart Lighting,Lumos 10 W TW+RGB Floor Lamp BLE-MESH,,https://havells.com/lighting/smart-lighting/lumos-10-w-twrgb-floor-lamp-ble-mesh-lhehdip1nn1w010.html,https://havells.com/media/catalog/product/cache/bebb556ccaa04236261d8ba5676ddf4d/l/u/lumos_10w_tw_rgb_floor_lamp_copy_base_1.jpg
Smart Lighting,Lumosphere 10 W TW+RGB Projectorble-MESH,,https://havells.com/lighting/smart-lighting/lumosphere-10-w-twrgb-projectorble-mesh-lhehdgp1nn1k010.html,https://havells.com/media/catalog/product/cache/bebb556ccaa04236261d8ba5676ddf4d/l/u/lumosphere_10w_tw_rgb_projector_base_1.jpg
Smart Lighting,Aura 10 W TW+RGB Portable Lamp BLE-MESH,,https://havells.com/lighting/smart-lighting/aura-10-w-twrgb-portable-lamp-ble-mesh-lhehdhp1nn1k010.html,https://havells.com/media/catalog/product/cache/bebb556ccaa04236261d8ba5676ddf4d/a/u/aura_10w_base_1.jpg
Smart Lighting,Omniglow 2.5 W TW+RGB Wall Light BLE-MESH,,https://havells.com/lighting/smart-lighting/omniglow-25-w-twrgb-wall-light-ble-mesh-lhehdgp1nn1k2x5.html,https://havells.com/media/catalog/product/cache/bebb556ccaa04236261d8ba5676ddf4d/l/h/lhehdgp1nn1k2x5_base_1.jpg
Outdoor,Vista HD LED Street Light IP66,,https://havells.com/lighting/outdoor/vista-hd-led-street-light-ip66.html,https://havells.com/media/catalog/product/cache/bebb556ccaa04236261d8ba5676ddf4d/v/i/vista_hd_led_sl_base_1_1.jpg
Outdoor,Omniglow 2.5 W TW+RGB Wall Light BLE-MESH,,https://havells.com/lighting/outdoor/omniglow-25-w-twrgb-wall-light-ble-mesh-lhehdgp1nn1k2x5.html,https://havells.com/media/catalog/product/cache/bebb556ccaa04236261d8ba5676ddf4d/l/h/lhehdgp1nn1k2x5_base_1.jpg
Outdoor,Vista HD LED Flood Light,,https://havells.com/lighting/outdoor/vista-hd-led-flood-light.html,https://havells.com/media/catalog/product/cache/bebb556ccaa04236261d8ba5676ddf4d/f/l/flood_light-200525-a_03_30w__1_1.jpg
Outdoor,Thor HD LED Street Light,,https://havells.com/lighting/outdoor/thor-hd-led-street-light.html,https://havells.com/media/catalog/product/cache/bebb556ccaa04236261d8ba5676ddf4d/t/h/thor_led_sl_30w_front_1.jpg
Outdoor,Thor HD Sensor Street Light 50 W 6 K IP66,,https://havells.com/lighting/outdoor/thor-hd-sensor-street-light-50-w-6-k-ip66-lhexamp7un7k050.html,https://havells.com/media/catalog/product/cache/bebb556ccaa04236261d8ba5676ddf4d/t/h/thor_hd_sensor_s-light_170325-01_front.jpg
Outdoor,Vista HD Sensor Street Light 50 W 6 K IP66,,https://havells.com/lighting/outdoor/vista-hd-sensor-street-light-50-w-6-k-ip66-lhexayp7pn7j050.html,https://havells.com/media/catalog/product/cache/bebb556ccaa04236261d8ba5676ddf4d/t/h/thea_hd_sensor_sl_50w_front.jpg
Outdoor,Thor HD LED K Type Light 6 W 3 K IP65,,https://havells.com/lighting/outdoor/thor-hd-led-k-type-light-6-w-3-k-ip65-lheobap5p46k006.html,https://havells.com/media/catalog/product/cache/bebb556ccaa04236261d8ba5676ddf4d/l/h/lheobap5p46k006_1.jpg
Outdoor,Thor HD LED Half K-Type Light 3 W 3 K IP65,,https://havells.com/lighting/outdoor/thor-hd-led-half-k-type-light-3-w-3-k-ip65-lheobap5u46k003.html,https://havells.com/media/catalog/product/cache/bebb556ccaa04236261d8ba5676ddf4d/t/h/thor_hd_half_k-type_light_tm-454-1_f1_1__1.jpg
Outdoor,Thor HD LED Wall Light RD 15 W 3 K IP65,,https://havells.com/lighting/outdoor/thor-hd-led-wall-light-rd-15-w-3-k-ip65-lheobgp5uz6k015.html,https://havells.com/media/catalog/product/cache/bebb556ccaa04236261d8ba5676ddf4d/t/h/thor_hd_wl_rd_1.jpg
Outdoor,Thor HD LED Wall Light SQ 15 W 3 K IP65,,https://havells.com/lighting/outdoor/thor-hd-led-wall-light-sq-15-w-3-k-ip65-lheobhp5uz6k015.html,https://havells.com/media/catalog/product/cache/bebb556ccaa04236261d8ba5676ddf4d/t/h/thor_hd_wl_sq_1.jpg
Outdoor,Thor HD LED Wall Light OVL 15 W 3 K IP65,,https://havells.com/lighting/outdoor/thor-hd-led-wall-light-ovl-15-w-3-k-ip65-lheobip5uz6k015.html,https://havells.com/media/catalog/product/cache/bebb556ccaa04236261d8ba5676ddf4d/t/h/thor_hd_wl_ovl_1.jpg
Ropes and Strips,Flexion AC Rope 120 Dstrip IP65 50 m,,https://havells.com/lighting/ropes-and-strips/flexion-ac-rope-120-dstrip-ip65-50-m.html,https://havells.com/media/catalog/product/cache/bebb556ccaa04236261d8ba5676ddf4d/r/o/rope_17_1.jpg
Ropes and Strips,Flex. Neo Profile Strip,,https://havells.com/lighting/ropes-and-strips/flex-neo-profile-strip.html,https://havells.com/media/catalog/product/cache/bebb556ccaa04236261d8ba5676ddf4d/f/l/flex_strip_12_1.jpg
Ropes and Strips,Flex. Neo LED Strip,,https://havells.com/lighting/ropes-and-strips/flex-neo-led-strip.html,https://havells.com/media/catalog/product/cache/bebb556ccaa04236261d8ba5676ddf4d/f/l/flex_strip_16_1.jpg
Ropes and Strips,Flexion AC Rope 60 Dstrip RGB IP65 10 m,,https://havells.com/lighting/ropes-and-strips/flexion-ac-rope-60-dstrip-rgb-ip65-10-m-lhehcpp1ta6j085.html,https://havells.com/media/catalog/product/cache/bebb556ccaa04236261d8ba5676ddf4d/r/o/rope_34.jpg
Ropes and Strips,Flex. Neo 30 W RGB Strip 12 V Inbuilt Driver,,https://havells.com/lighting/ropes-and-strips/flex-neo-30-w-rgb-strip-12-v-inbuilt-driver-lhehdlp1un1w030.html,https://havells.com/media/catalog/product/cache/bebb556ccaa04236261d8ba5676ddf4d/l/h/lhehdlp1un1w030_base_1__1.jpg
Ropes and Strips,Flex. Neo Profile Strip 60 W 240 D Warm White 12 V DC,,https://havells.com/lighting/ropes-and-strips/flex-neo-profile-strip-60-w-240-d-warm-white-12-v-dc-lhehdkp5un1w060.html,https://havells.com/media/catalog/product/cache/bebb556ccaa04236261d8ba5676ddf4d/f/l/flex_strip_13.jpg
