"x-el","x-el 2","x-el 3","x-el src","x-el 4","x-el 5","x-el 6","x-el 7","x-el 14","x-el 16"
"XYLO LED WALL LIGHT","XYLO LED WALL LIGHT","XYLO LED WALL LIGHT","https://img1.wsimg.com/isteam/ip/3378db11-ac04-4f3b-8060-639724154194/blob-398f885.png/:/cr=t:0%25,l:0.42%25,w:96.8%25,h:100%25/rs=w:388,h:194,cg:true","Watt   |  Size (mm) |  Std.Pkg","6W         70x80x40         50","CCT & Colors: 3000K","Blue, Green, Red, Pink ,Yellow ,Purple","Premium LED Wall Light",""
"XYLO LED WALL LIGHT","XYLO LED WALL LIGHT","XYLO LED WALL LIGHT","https://img1.wsimg.com/isteam/ip/3378db11-ac04-4f3b-8060-639724154194/blob-2b5409d.png/:/cr=t:0%25,l:0%25,w:100%25,h:79.65%25/rs=w:388,h:194,cg:true","Watt   |  Size (mm) |  Std.Pkg","12W       120x85x40         50","CCT & Colors: 3000K","Blue, Green, Red, Pink ,Yellow ,Purple","Premium LED Wall Light",""
"XYLO LED WALL LIGHT","XYLO LED WALL LIGHT","XYLO LED WALL LIGHT","https://img1.wsimg.com/isteam/ip/3378db11-ac04-4f3b-8060-639724154194/blob-0a8d32a.png/:/cr=t:0%25,l:10.87%25,w:76.92%25,h:74.2%25/rs=w:388,h:194,cg:true,m","Watt   |  Size (mm) |  Std.Pkg","18W       170x80x40         30","CCT & Colors: 3000K","Blue, Green, Red, Pink ,Yellow ,Purple","Premium LED Wall Light",""
"CIAZ LED WALL LIGHT","STARZ LED WALL LIGHT","XYLO LED WALL LIGHT","https://img1.wsimg.com/isteam/ip/3378db11-ac04-4f3b-8060-639724154194/blob-5c6c1ac.png/:/cr=t:28.79%25,l:16.4%25,w:64.94%25,h:52.24%25/rs=w:388,h:194,cg:true,m","Watt   |  Size (mm) |  Std.Pkg","12W              95              30","CCT & Colors: 3000K","Blue, Green, Red, Pink ,Yellow ,Purple, RGB","Premium LED Wall Light",""
"ECO LED WALL LIGHT","STARZ LED WALL LIGHT","STARZ LED WALL LIGHT","https://img1.wsimg.com/isteam/ip/3378db11-ac04-4f3b-8060-639724154194/blob-6005972.png/:/cr=t:25.08%25,l:11.54%25,w:76.92%25,h:49.83%25/rs=w:388,h:194,cg:true,m","Watt   |  Size (mm) |  Std.Pkg","6W             95                  30","CCT & Colors: 3000K","Blue, Green, Red, Pink ,Yellow ,Purple","Premium LED Wall Light",""
"STARZ LED WALL LIGHT","STARZ LED WALL LIGHT","STARZ LED WALL LIGHT","https://img1.wsimg.com/isteam/ip/3378db11-ac04-4f3b-8060-639724154194/blob-6005972.png/:/cr=t:25.08%25,l:11.54%25,w:76.92%25,h:49.83%25/rs=w:388,h:194,cg:true,m","Watt   |  Size (mm) |  Std.Pkg","15W             95                  30","CCT & Colors: 3000K","Blue, Green, Red, Pink ,Yellow ,Purple","Premium LED Wall Light",""
"DZIRE LED WALL LIGHT","S-CROSS LED WALL LIGHT","DZIRE LED WALL LIGHT","https://img1.wsimg.com/isteam/ip/3378db11-ac04-4f3b-8060-639724154194/blob-dedb1cd.png/:/cr=t:15.78%25,l:16.22%25,w:67.57%25,h:65.77%25/rs=w:388,h:194,cg:true,m","Watt   |  Size (mm) |  Std.Pkg","4W                70               50","CCT & Colors: 3000K","Blue, Green, Red, Pink ,Yellow, RGB","Premium LED Wall Light",""
"CAMRY LED WALL LIGHT","S-CROSS LED WALL LIGHT","DZIRE LED WALL LIGHT","https://img1.wsimg.com/isteam/ip/3378db11-ac04-4f3b-8060-639724154194/blob-8be6f8b.png/:/cr=t:15.4%25,l:22.26%25,w:60.85%25,h:70.42%25/rs=w:388,h:194,cg:true,m","Watt   |  Size (mm) |  Std.Pkg","2W          90x60x35         50","","CCT & Colors: 3000K","Premium LED Wall Light","2W          90x60x35         50"
"S-CROSS LED WALL LIGHT","S-CROSS LED WALL LIGHT","S-CROSS LED WALL LIGHT","https://img1.wsimg.com/isteam/ip/3378db11-ac04-4f3b-8060-639724154194/blob-eca7554.png/:/cr=t:33.55%25,l:23.58%25,w:70.42%25,h:45.41%25/rs=w:388,h:194,cg:true,m","Watt   |  Size (mm) |  Std.Pkg","4W          90x60x35         50","","CCT & Colors: 3000K","Premium LED Wall Light",""
"ELANTRA LED WALL LIGHT","ELANTRA LED WALL LIGHT","S-CROSS LED WALL LIGHT","https://img1.wsimg.com/isteam/ip/3378db11-ac04-4f3b-8060-639724154194/blob-fb2df05.png/:/cr=t:26.84%25,l:11.54%25,w:76.92%25,h:44.32%25/rs=w:388,h:194,cg:true,m","Watt   |   Size (mm)     |  Std.Pkg","6W        100x100x100           50","CCT & Colors: 3000K","","Premium LED Wall Light",""
"ALTO LED WALL LIGHT","ELANTRA LED WALL LIGHT","IGNIS LED WALL LIGHT","https://img1.wsimg.com/isteam/ip/3378db11-ac04-4f3b-8060-639724154194/blob-e9712bd.png/:/cr=t:0%25,l:8.09%25,w:83.83%25,h:100%25/rs=w:388,h:194,cg:true","Watt   |    Size (mm)   |  Std.Pkg","5W          233x168x30        20","CCT & Colors: 3000K","Blue, Green, Red, Pink ,Yellow","Premium LED Wall Light",""
"IGNIS LED WALL LIGHT","ELANTRA LED WALL LIGHT","IGNIS LED WALL LIGHT","https://img1.wsimg.com/isteam/ip/3378db11-ac04-4f3b-8060-639724154194/48.png/:/cr=t:25.39%25,l:0%25,w:100%25,h:60.87%25/rs=w:388,h:194,cg:true","Watt   |   Size (mm)   |  Std.Pkg","12W      155x155x30       20","CCT & Colors: 3000K","Blue, Green, Red, Pink ,Yellow, RGB","Premium LED Wall Light",""
"ACCENT LED WALL LIGHT","XYLO GOLD LED WALL LIGHT","ACCENT LED WALL LIGHT","https://img1.wsimg.com/isteam/ip/3378db11-ac04-4f3b-8060-639724154194/4.4.png/:/cr=t:25%25,l:0%25,w:100%25,h:50%25/rs=w:388,h:194,cg:true","Watt   |   Size (mm)     |  Std.Pkg","10W         170x150x45         20","CCT & Colors: 3000K","","Premium LED Wall Light",""
"TIGOR LED WALL LIGHT","XYLO GOLD LED WALL LIGHT","ACCENT LED WALL LIGHT","https://img1.wsimg.com/isteam/ip/3378db11-ac04-4f3b-8060-639724154194/blob-034d16e.png/:/cr=t:25%25,l:0%25,w:100%25,h:50%25/rs=w:388,h:194,cg:true","Watt   |   Size (mm)     |  Std.Pkg","6W              58x58              50","CCT & Colors: 3000K","","Premium LED Wall Light",""
"XYLO GOLD LED WALL LIGHT","XYLO GOLD LED WALL LIGHT","XYLO GOLD LED WALL LIGHT","https://img1.wsimg.com/isteam/ip/3378db11-ac04-4f3b-8060-639724154194/blob-8357b1d.png/:/cr=t:23.58%25,l:21.04%25,w:73.53%25,h:54.75%25/rs=w:388,h:194,cg:true,m","Watt   |   Size (mm)     |  Std.Pkg","2W              58x58              50","","CCT & Colors: 3000K","Premium LED Wall Light",""
"XYLO GOLD LED WALL LIGHT","XYLO GOLD LED WALL LIGHT","XYLO GOLD LED WALL LIGHT","https://img1.wsimg.com/isteam/ip/3378db11-ac04-4f3b-8060-639724154194/new%20wall%20Light.6.png/:/cr=t:12.77%25,l:0%25,w:100%25,h:74.46%25/rs=w:388,h:194,cg:true","Watt   |   Size (mm)     |  Std.Pkg","4W             58x58               5O","CCT & Colors: 3000K","","Premium LED Wall Light",""
"MAJOR LED WALL LIGHT","XYLO GOLD LED WALL LIGHT","MAJOR LED WALL LIGHT","https://img1.wsimg.com/isteam/ip/3378db11-ac04-4f3b-8060-639724154194/2.4.png/:/cr=t:25%25,l:0%25,w:100%25,h:50%25/rs=w:388,h:194,cg:true","Watt   |   Size (mm)     |  Std.Pkg","3W         125X85X41         20","","","Premium LED Wall Light","4W         125X85X41         20"
"THAR LED WALL LIGHT","XYLO GOLD LED WALL LIGHT","MAJOR LED WALL LIGHT","https://img1.wsimg.com/isteam/ip/3378db11-ac04-4f3b-8060-639724154194/blob-20bfa0d.png/:/cr=t:25%25,l:0%25,w:100%25,h:50%25/rs=w:388,h:194,cg:true","Watt   |   Size (mm)     |  Std.Pkg","6W            75x85x40              20","CCT & Colors: 3000K","BLUE, GREEN, PINK","Premium LED Wall Light",""
"COMPASS LED WALL LIGHT","COMPASS LED WALL LIGHT","COMPASS LED WALL LIGHT","https://img1.wsimg.com/isteam/ip/3378db11-ac04-4f3b-8060-639724154194/3.1.png/:/cr=t:27.17%25,l:0%25,w:100%25,h:50%25/rs=w:388,h:194,cg:true","Watt   |   Size (mm)     |  Std.Pkg","7W         75x85x40              20","","CCT & Colors: 3000K","Premium LED Wall Light","9W         75x85x40              20"
"ALTROZ LED WAL LIGHT","COMPASS LED WALL LIGHT","COMPASS LED WALL LIGHT","https://img1.wsimg.com/isteam/ip/3378db11-ac04-4f3b-8060-639724154194/blob-311d85c.png/:/cr=t:20.24%25,l:0%25,w:100%25,h:70.56%25/rs=w:388,h:194,cg:true","Watt   |   Size (mm)     |  Std.Pkg","4W          75x85x40              20","","CCT & Colors: 3000K/ RGB","Premium LED Solar Wall Light",""
"ALTROZ LED WAL LIGHT","COMPASS LED WALL LIGHT","ALTROZ LED WAL LIGHT","https://img1.wsimg.com/isteam/ip/3378db11-ac04-4f3b-8060-639724154194/SOLAR%20LED%20WALL%20LIGHT%203WAY%20LIGHT.32.png/:/cr=t:11.05%25,l:25.1%25,w:70.42%25,h:63.48%25/rs=w:388,h:194,cg:true,m","Watt   |   Size (mm)     |  Std.Pkg","6W          75x85x40              20","CCT & Colors: 3000K/ RGB","","Premium LED Solar Wall Light",""
"BREEZA LED WALL LIGHT","BREEZA LED WALL LIGHT","BREEZA LED WALL LIGHT","https://img1.wsimg.com/isteam/ip/3378db11-ac04-4f3b-8060-639724154194/blob-f48a9fa.png/:/cr=t:20.2%25,l:11.54%25,w:76.92%25,h:59.6%25/rs=w:388,h:194,cg:true,m","Watt   |   Size (mm)     |  Std.Pkg","6W         170x150x45         20","CCT & Colors: 3000K","Blue, Green, Red,","Premium LED Wall Light",""
"LINK LED WALL LIGHT","BREEZA LED WALL LIGHT","BREEZA LED WALL LIGHT","https://img1.wsimg.com/isteam/ip/3378db11-ac04-4f3b-8060-639724154194/blob-aa83f7d.png/:/cr=t:28.95%25,l:0%25,w:100%25,h:47.77%25/rs=w:388,h:194,cg:true","Watt   |   Size (mm)     |  Std.Pkg","4W                58x58              50","CCT & Colors: 3000K","","Premium LED Wall Light",""
"LED WALL LIGHT","BREEZA LED WALL LIGHT","LED WALL LIGHT","https://img1.wsimg.com/isteam/ip/3378db11-ac04-4f3b-8060-639724154194/blob-3e0b3a3.png/:/cr=t:30.11%25,l:4.21%25,w:80.65%25,h:40.12%25/rs=w:388,h:194,cg:true,m","Watt   |   Size (mm)     |  Std.Pkg","4W             58x58               5O","CCT & Colors: 3000K","","Premium LED Wall Light",""
"LED WALL LIGHT","FIESTA LED WALL LIGHT","LED WALL LIGHT","https://img1.wsimg.com/isteam/ip/3378db11-ac04-4f3b-8060-639724154194/blob-d103445.png/:/cr=t:0%25,l:0%25,w:100%25,h:94.81%25/rs=w:388,h:194,cg:true","Watt   |   Size (mm)     |  Std.Pkg","6W          125X85X41          20","CCT & Colors: 3000K","","Premium LED Wall Light",""
"FIESTA LED WALL LIGHT","FIESTA LED WALL LIGHT","FIESTA LED WALL LIGHT","https://img1.wsimg.com/isteam/ip/3378db11-ac04-4f3b-8060-639724154194/blob-afb88a8.png/:/cr=t:24.2%25,l:26.9%25,w:62.5%25,h:49.88%25/rs=w:388,h:194,cg:true,m","Watt   |   Size (mm)     |  Std.Pkg","5W         75x85x40              20","CCT & Colors: 3000K","","Premium LED Wall Light",""
"ATMOS LED WALL LIGHT","FIESTA LED WALL LIGHT","FIESTA LED WALL LIGHT","https://img1.wsimg.com/isteam/ip/3378db11-ac04-4f3b-8060-639724154194/blob-be95887.png/:/cr=t:3.66%25,l:0%25,w:100%25,h:92.69%25/rs=w:388,h:194,cg:true","Watt   |   Size (mm)     |  Std.Pkg","5W         58x119x83              50","","CCT & Colors: 3000K","Premium LED Wall Light","10W       165x75x90              20"
"INOIQ LED WAL LIGHT","S-PRESSO LED WAL LIGHT","S-PRESSO LED WAL LIGHT","https://img1.wsimg.com/isteam/ip/3378db11-ac04-4f3b-8060-639724154194/IONIQ.png/:/cr=t:17.86%25,l:16.2%25,w:80.65%25,h:67.41%25/rs=w:388,h:291.72932330827064,cg:true,m","Watt   |   Size (mm)     |  Std.Pkg","12W                    -                20","","CCT & Colors: 3000K","Premium LED Wall Light",""
"S-PRESSO LED WAL LIGHT","S-PRESSO LED WAL LIGHT","S-PRESSO LED WAL LIGHT","https://img1.wsimg.com/isteam/ip/3378db11-ac04-4f3b-8060-639724154194/blob-84bcc89.png/:/cr=t:21.35%25,l:21.74%25,w:76.92%25,h:64.29%25/rs=w:388,h:291.72932330827064,cg:true,m","Watt   |   Size (mm)     |  Std.Pkg","12W                    -                20","","CCT & Colors: 3000K","Premium LED Wall Light",""
"JIMNY+ LED WAL LIGHT","S-PRESSO LED WAL LIGHT","JIMNY+ LED WAL LIGHT","https://img1.wsimg.com/isteam/ip/3378db11-ac04-4f3b-8060-639724154194/jimnny2.png/:/cr=t:17.18%25,l:12.98%25,w:84.75%25,h:70.83%25/rs=w:388,h:291.72932330827064,cg:true,m","Watt   |   Size (mm)     |  Std.Pkg","12W                    -                20","","CCT & Colors: 3000K","Premium LED Wall Light",""
"JIMNY LED WAL LIGHT","BALENO LED WAL LIGHT","JIMNY+ LED WAL LIGHT","https://img1.wsimg.com/isteam/ip/3378db11-ac04-4f3b-8060-639724154194/jimnny.png/:/cr=t:8.21%25,l:0%25,w:100%25,h:83.58%25/rs=w:388,h:291.72932330827064,cg:true","Watt   |   Size (mm)     |  Std.Pkg","12W                    -                20","","CCT & Colors: 3000K","Premium LED Wall Light",""
"BALENO LED WAL LIGHT","BALENO LED WAL LIGHT","BALENO LED WAL LIGHT","https://img1.wsimg.com/isteam/ip/3378db11-ac04-4f3b-8060-639724154194/baleno.png/:/cr=t:22.73%25,l:15.18%25,w:70.42%25,h:58.86%25/rs=w:388,h:291.72932330827064,cg:true,m","Watt   |   Size (mm)     |  Std.Pkg","6W                    -                20","","CCT & Colors: 3000K","Premium LED Wall Light",""
"AQUA LED SPIKELIGHT","FLUDEX LED SPIKELIGHT","AQUA LED SPIKELIGHT","https://img1.wsimg.com/isteam/ip/3378db11-ac04-4f3b-8060-639724154194/blob-af8b0b4.png/:/cr=t:23.3%25,l:0%25,w:100%25,h:47.93%25/rs=w:388,h:194,cg:true","Watt   |   Size (mm)     |  Std.Pkg","5W          72x74x260             50","12W       82x135x260            20","","Premium LED Spike Light","9W         82x135x260            20"
"AQUA LED SPIKELIGHT","FLUDEX LED SPIKELIGHT","AQUA LED SPIKELIGHT","https://img1.wsimg.com/isteam/ip/3378db11-ac04-4f3b-8060-639724154194/blob-e2590e9.png/:/cr=t:16.43%25,l:8.34%25,w:66.64%25,h:73.53%25/rs=w:388,h:194,cg:true,m","Watt   |   Size (mm)     |  Std.Pkg","5W          72x74x260             50","12W       82x135x260            20","","Premium LED Spike Light","9W         82x135x260            20"
"FLUDEX LED SPIKELIGHT","FLUDEX LED SPIKELIGHT","SOLAR SMART SPIKE LIGHT","https://img1.wsimg.com/isteam/ip/3378db11-ac04-4f3b-8060-639724154194/blob-cfff4f1.png/:/cr=t:15.94%25,l:0%25,w:100%25,h:74.94%25/rs=w:388,h:194,cg:true","Watt   |   Size (mm)     |  Std.Pkg","12W        82x135x260          20","CCT & Colors: 3000K/4000K/6500K","Blue, Green, Pink,","Premium LED Spike Light",""
"SOLAR SMART SPIKE LIGHT","SOLAR SMART SPIKE LIGHT","","https://img1.wsimg.com/isteam/ip/3378db11-ac04-4f3b-8060-639724154194/blob-2d19bc4.png/:/cr=t:17.16%25,l:0%25,w:100%25,h:73.1%25/rs=w:388,h:194,cg:true","Watt   |   Size (mm)     |  Std.Pkg","10W         82x135x260          20","CCT & Colors: 3000K/4000K/6500K","Blue, Green, Pink, RGB","Premium LED Solar Spike Light",""
"VICTOR SWIMMING POOL LIGHT","","","https://img1.wsimg.com/isteam/ip/3378db11-ac04-4f3b-8060-639724154194/VICTOR.png/:/cr=t:24.14%25,l:0%25,w:100%25,h:55.58%25/rs=w:388,h:194,cg:true","Watt   |   Size (mm)     |  Std.Pkg","3W         65X100                50","9W        105x100               50","","Premium LED Pool Light","6W         85X85                  50"
"POLO BOLLARD LIGHT","","","https://img1.wsimg.com/isteam/ip/3378db11-ac04-4f3b-8060-639724154194/polo.png/:/cr=t:38.94%25,l:36.48%25,w:42.02%25,h:35.12%25/rs=w:388,h:291.72932330827064,cg:true,m","Watt   |   Size (mm)     |  Std.Pkg","12W         160X85X40           50","","CCT & Colors: 3000K","Premium LED Bollard Light",""
"MULTISTAR FLOOD LIGHT","MULTISTAR FLOOD LIGHT","MULTISTAR FLOOD LIGHT","https://img1.wsimg.com/isteam/ip/3378db11-ac04-4f3b-8060-639724154194/blob-0a05719.png/:/cr=t:17.28%25,l:0%25,w:100%25,h:53.62%25/rs=w:388,h:194,cg:true","Watt |    Size (mm)     |  Std.Pkg","30W         185x235x65        10","","CCT & Colors: RGB","Premium LED Flood Light","50W         235x 285x70       10"
"NETVUE FLOOD LIGHT","MULTISTAR FLOOD LIGHT","MULTISTAR FLOOD LIGHT","https://img1.wsimg.com/isteam/ip/3378db11-ac04-4f3b-8060-639724154194/blob-4d9493a.png/:/cr=t:26.49%25,l:0%25,w:89.29%25,h:47.94%25/rs=w:388,h:194,cg:true,m","Watt |       Size (mm)    |  Std.Pkg","30W         152x178x55        20","100W       282x247x65        20","150W       277x298x70         5","Premium LED Flood Light","50W         226x216x55        10"
"XUV FLOOD LIGHT","MULTISTAR FLOOD LIGHT","XUV FLOOD LIGHT","https://img1.wsimg.com/isteam/ip/3378db11-ac04-4f3b-8060-639724154194/blob-c7eea27.png/:/cr=t:12.51%25,l:14.45%25,w:80.65%25,h:72.64%25/rs=w:388,h:194,cg:true,m","Watt |       Size (mm)    |  Std.Pkg","30W           200x135            20","100W         300x200            10","CCT & Colors: 3000K/4000K/6500K","Premium LED Flood Light","50W           240 x160           20"
"RADIAL LED GATE LIGHT (SOLAR BASED)","RADIAL PRO LED GATE LIGHT (SOLAR BASED)","RADIAL PRO LED GATE LIGHT (SOLAR BASED)","https://img1.wsimg.com/isteam/ip/3378db11-ac04-4f3b-8060-639724154194/blob-223b85c.png/:/cr=t:11.08%25,l:2.05%25,w:80.65%25,h:74.45%25/rs=w:600,h:300,cg:true,m","Watt |   Battery         |  Std.Pkg","10W     3.7V/1.8mAh        10","Model: Round & Hexagon","CCT & Colors: 3000K/4000K/6500K/ RGB","Premium LED Gate Light",""
"RADIAL PRO LED GATE LIGHT (SOLAR BASED)","RADIAL PRO LED GATE LIGHT (SOLAR BASED)","RADIAL PRO LED GATE LIGHT (SOLAR BASED)","https://img1.wsimg.com/isteam/ip/3378db11-ac04-4f3b-8060-639724154194/blob-1d1c29c.png/:/cr=t:24.85%25,l:0%25,w:73.53%25,h:62.2%25/rs=w:600,h:300,cg:true,m","Watt |   Battery       |  Std.Pkg","10W    3.7V/1.8mAh       10","Model: Round & Hexagon","CCT & Colors: 3000K/4000K/6500K/ RGB","Premium LED Gate Light",""