"proBx href","lazy src","name"
"https://www.wiprolighting.com/products/modern-workspaces/2x2/immaculate-nxg","https://www.wiprolighting.com/storage/12036/immaculate-nxg.webp","Immaculate NXG"
"https://www.wiprolighting.com/products/modern-workspaces/2x2/verge-led","https://www.wiprolighting.com/storage/12129/VergeLED.webp","Verge LED"
"https://www.wiprolighting.com/products/modern-workspaces/2x2/opus-led","https://www.wiprolighting.com/storage/12104/Opus-LED.webp","Opus LED"
"https://www.wiprolighting.com/products/indoor-workspaces/modern-work-spaces/comet","https://www.wiprolighting.com/storage/11979/comet-(1).webp","Comet"
"https://www.wiprolighting.com/products/industrial-solutions/cleanroom-solutions/vision-led-prime-tocr","https://www.wiprolighting.com/storage/11922/Vision-LED-Prime-TOCR.webp","Vision LED Prime TOCR"
"https://www.wiprolighting.com/products/outdoor/street-lights/skyline-nxt","https://www.wiprolighting.com/storage/12158/Skyline-nxt.webp","Skyline NXT"
"https://www.wiprolighting.com/products/outdoor/flood-light/vega-floodlight","https://www.wiprolighting.com/storage/12180/VEGA-Floodlight.webp","VEGA Floodlight"
"https://www.wiprolighting.com/products/outdoor/architectural-lights/wall-light","https://www.wiprolighting.com/storage/12284/Wall-Light.webp","Wall Light"
"https://www.wiprolighting.com/products/outdoor/pathways-postops/nyx-bollard","https://www.wiprolighting.com/storage/9262/wipro_nyx-bollards-1719649582-1726661400.png","NYX Bollard"
"https://www.wiprolighting.com/products/outdoor/solar-light/solarise-12w","https://www.wiprolighting.com/storage/12164/SolaRISE-(12W).webp","SolaRISE (12W)"
"https://www.wiprolighting.com/products/modern-workspaces/linear/lino","https://www.wiprolighting.com/storage/9372/Lino.webp","Lino"
"https://www.wiprolighting.com/products/modern-workspaces/linear/aslimline-x","https://www.wiprolighting.com/storage/11962/AslimlineLED.webp","Aslimline-X"
"https://www.wiprolighting.com/products/modern-workspaces/linear/onair","https://www.wiprolighting.com/storage/12100/OnAir.webp","OnAir"
"https://www.wiprolighting.com/products/modern-workspaces/downlight/mollis","https://www.wiprolighting.com/storage/12097/mollis.webp","Mollis"
"https://www.wiprolighting.com/products/modern-workspaces/downlight/fokus","https://www.wiprolighting.com/storage/11989/Fokus+.webp","Fokus+"
"https://www.wiprolighting.com/products/modern-workspaces/downlight/led-gimball","https://www.wiprolighting.com/storage/10481/LED-Gimball.webp","LED Gimball"
"https://www.wiprolighting.com/products/modern-workspaces/downlight/led-gimball-20w-41w","https://www.wiprolighting.com/storage/10482/LED-Gimball-(20W-41W).webp","LED Gimball (20W-41W)"
"https://www.wiprolighting.com/products/modern-workspaces/downlight/track-light-led","https://www.wiprolighting.com/storage/10484/track-light-LED.webp","Track light LED"
"https://www.wiprolighting.com/products/modern-workspaces/collaborative-range/vertica-led","https://www.wiprolighting.com/storage/12132/Vertica-LED.webp","Vertica LED"
"https://www.wiprolighting.com/products/modern-workspaces/linear/techzone-led","https://www.wiprolighting.com/storage/8302/Techzone-LED.webp","Techzone LED"
"https://www.wiprolighting.com/products/modern-workspaces/collaborative-range/halo-plus","https://www.wiprolighting.com/storage/12000/Halo-Plus.webp","Halo Plus"
"https://www.wiprolighting.com/products/outdoor/street-lights/dot-streetlight","https://www.wiprolighting.com/storage/10527/Dot-streetlight.webp","Dot Streetlight"
"https://www.wiprolighting.com/products/outdoor/street-lights/skyline-plus-35w","https://www.wiprolighting.com/storage/12271/skyline-plus.webp","Skyline plus (35W)"
"https://www.wiprolighting.com/products/modern-workspaces/linear/inspiro-40w-50w","https://www.wiprolighting.com/storage/12920/untitled.622.png","Inspiro (40W-50W)"
"https://www.wiprolighting.com/products/modern-workspaces/linear/stylus","https://www.wiprolighting.com/storage/12126/stylus.webp","Stylus"
"https://www.wiprolighting.com/products/modern-workspaces/collaborative-range/halo-plus-12w-18w","https://www.wiprolighting.com/storage/11996/halo.webp","Halo Plus (12W-18W)"
"https://www.wiprolighting.com/products/outdoor/street-lights/skyline-plus-18w-25w","https://www.wiprolighting.com/storage/12273/Skyline-plus-(18W-25W).webp","Skyline plus (18W-25W)"
"https://www.wiprolighting.com/products/outdoor/street-lights/skyline-led-60w-120w","https://www.wiprolighting.com/storage/9248/Skyline-LED-(60W-120W).webp","Skyline LED (60W-120W)"
"https://www.wiprolighting.com/products/outdoor/street-lights/skyline-led-150w-250w","https://www.wiprolighting.com/storage/9250/Skyline-LED-(150W-250W).webp","Skyline LED (150W-250W)"
"https://www.wiprolighting.com/products/outdoor/architectural-lights/linear-wall-washer-led-20w-40w","https://www.wiprolighting.com/storage/12266/wall-washer-1538396936.png","Linear Wall Washer LED (20W-40W)"
"https://www.wiprolighting.com/products/outdoor/architectural-lights/neon-flexi-strip","https://www.wiprolighting.com/storage/9259/Strip-Light-images-LS27.jpg","Neon Flexi Strip"
"https://www.wiprolighting.com/products/outdoor/street-lights/skyline-led-40w-45w","https://www.wiprolighting.com/storage/9252/Skyline-LED-(40W-45W).webp","Skyline LED (40W-45W)"
"https://www.wiprolighting.com/products/outdoor/architectural-lights/inground-light-6w-18w","https://www.wiprolighting.com/storage/9260/inground-light-1538137167.png","Inground Light (6W-18W)"
"https://www.wiprolighting.com/products/outdoor/architectural-lights/under-water-luminaire-6w-36w","https://www.wiprolighting.com/storage/12287/arcus-underwater-luminaire-1538137527.png","Under Water Luminaire (6W-36W)"
"https://www.wiprolighting.com/products/outdoor/pathways-postops/celestea","https://www.wiprolighting.com/storage/9263/celestea.webp","Celestea"
"https://www.wiprolighting.com/products/outdoor/pathways-postops/vista","https://www.wiprolighting.com/storage/12187/vista.webp","Vista"
"https://www.wiprolighting.com/products/outdoor/pathways-postops/verve","https://www.wiprolighting.com/storage/9266/Verve.webp","Verve"
"https://www.wiprolighting.com/products/outdoor/pathways-postops/urbano-pathway-led-35w","https://www.wiprolighting.com/storage/12176/Urbano-Pathway-LED-(35W).webp","Urbano Pathway LED (35W)"
"https://www.wiprolighting.com/products/outdoor/pathways-postops/urbano-pathway-led-60w","https://www.wiprolighting.com/storage/12174/Urbano-Pathway-LED-(60W).webp","Urbano Pathway LED (60W)"
"https://www.wiprolighting.com/products/outdoor/pathways-postops/aegis","https://www.wiprolighting.com/storage/12141/Aegis.webp","Aegis"
"https://www.wiprolighting.com/products/outdoor/pathways-postops/bliss-post-top","https://www.wiprolighting.com/storage/9274/Bliss-Post-top.webp","Bliss Post top"
"https://www.wiprolighting.com/products/outdoor/bollards/whistling-oyster","https://www.wiprolighting.com/storage/12191/whistling-oyster.webp","Whistling Oyster"
"https://www.wiprolighting.com/products/outdoor/bollards/fantasy-bollard-led","https://www.wiprolighting.com/storage/9280/Fantasy-Bollard-LED.webp","Fantasy Bollard LED"
"https://www.wiprolighting.com/products/outdoor/bollards/crest-bollard","https://www.wiprolighting.com/storage/12147/Crest-Bollard.webp","Crest Bollard"
"https://www.wiprolighting.com/products/outdoor/bollards/acorn-led-bollard","https://www.wiprolighting.com/storage/12138/Acorn-LED-Bollard.webp","Acorn LED Bollard"
"https://www.wiprolighting.com/products/outdoor/flood-light/ranger-flood-light","https://www.wiprolighting.com/storage/12888/Ranger-Floodlight.webp","Ranger Flood Light"
"https://www.wiprolighting.com/products/outdoor/solar-light/solarise-15w-25w","https://www.wiprolighting.com/storage/12166/SolaRISE-(15W-25W).webp","SolaRISE (15W-25W)"
"https://www.wiprolighting.com/products/outdoor/solar-light/solarise-30w-40w","https://www.wiprolighting.com/storage/12168/SolaRISE-(30W-40W).webp","SolaRISE (30W-40W)"
"https://www.wiprolighting.com/products/outdoor/solar-light/solarise-50w-60w","https://www.wiprolighting.com/storage/12170/SolaRISE-(50W-60W).webp","SolaRISE (50W-60W)"
"https://www.wiprolighting.com/products/outdoor/solar-light/solarise-120w","https://www.wiprolighting.com/storage/12172/SolaRISE-(120W).webp","SolaRISE (120W)"
"https://www.wiprolighting.com/products/industrial-solutions/wellglass/stormx","https://www.wiprolighting.com/storage/11920/StormX.webp","StormX"
"https://www.wiprolighting.com/products/industrial-solutions/industrial-linears/optima-led-40w","https://www.wiprolighting.com/storage/11916/Optima-LED-(40W).webp","Optima LED (40W)"
"https://www.wiprolighting.com/products/industrial-solutions/high-bay-mid-bay/xpressbay-pro","https://www.wiprolighting.com/storage/11927/xpressbay-pro-product-.webp","Xpressbay Pro"
"https://www.wiprolighting.com/products/industrial-solutions/industrial-linears/xline-led","https://www.wiprolighting.com/storage/9129/Xline-LED.webp","Xline LED"
"https://www.wiprolighting.com/products/industrial-solutions/industrial-linears/xline-pro-led-39w","https://www.wiprolighting.com/storage/11925/Xline-Pro-LED-(39W).webp","Xline Pro LED (39W)"
"https://www.wiprolighting.com/products/industrial-solutions/cold-storage/radial-uno-highbay","https://www.wiprolighting.com/storage/11911/Radial-UNO-Highbay.webp","Radial UNO Highbay"
"https://www.wiprolighting.com/products/industrial-solutions/industrial-linears/imperia","https://www.wiprolighting.com/storage/11909/Imperia-Industrial-Linear.webp","Imperia"
"https://www.wiprolighting.com/products/industrial-solutions/cold-storage/dura-wellglass","https://www.wiprolighting.com/storage/11907/Dura-Wellglass.webp","Dura Wellglass"
"https://www.wiprolighting.com/products/industrial-solutions/cold-storage/bulkhead","https://www.wiprolighting.com/storage/11905/Bulkhead.webp","Bulkhead"
"https://www.wiprolighting.com/products/modern-workspaces/downlight/mollis-pro","https://www.wiprolighting.com/storage/12095/Mollis-Pro.webp","Mollis Pro"
"https://www.wiprolighting.com/products/outdoor/bollards/quad-bollard","https://www.wiprolighting.com/storage/9286/QUAD-Bollard.webp","Quad Bollard"
"https://www.wiprolighting.com/products/outdoor/bollards/ulix-bollard","https://www.wiprolighting.com/storage/12278/Ulix-Bollard.webp","Ulix Bollard"
"https://www.wiprolighting.com/products/outdoor/street-lights/voyage-streetlight","https://www.wiprolighting.com/storage/12282/Voyage-Streetlight_1.webp","Voyage Streetlight"
"https://www.wiprolighting.com/products/industrial-solutions/high-bay-mid-bay/radial-uno-lh21","https://www.wiprolighting.com/storage/11942/Radial-UNO-LH21.webp","Radial UNO LH21"
"https://www.wiprolighting.com/products/industrial-solutions/high-bay-mid-bay/radial-uno-lh21g","https://www.wiprolighting.com/storage/11940/radial_uno_lh21g.webp","Radial UNO LH21G"
"https://www.wiprolighting.com/products/industrial-solutions/high-bay-mid-bay/radial-uno-lh21r","https://www.wiprolighting.com/storage/11938/radial_uno_lh21r.webp","Radial UNO LH21R"
"https://www.wiprolighting.com/products/modern-workspaces/collaborative-range/orbit-ring","https://www.wiprolighting.com/storage/12091/inf_rag_orbit_ring_specs.webp","Orbit Ring"
"https://www.wiprolighting.com/products/modern-workspaces/collaborative-range/retro","https://www.wiprolighting.com/storage/12087/Picasso-retro-black.webp","Retro"
"https://www.wiprolighting.com/products/modern-workspaces/collaborative-range/coral","https://www.wiprolighting.com/storage/12084/inf_rag_picaso_coral_specs.webp","Coral"
"https://www.wiprolighting.com/products/modern-workspaces/collaborative-range/ozone","https://www.wiprolighting.com/storage/12081/inf_rag_picaso_ozone_specs.webp","Ozone"
"https://www.wiprolighting.com/products/modern-workspaces/collaborative-range/dome","https://www.wiprolighting.com/storage/12077/Picasso-dome-600-1.webp","Dome"
"https://www.wiprolighting.com/products/modern-workspaces/collaborative-range/arc","https://www.wiprolighting.com/storage/12069/1C4A2921.webp","Arc"
"https://www.wiprolighting.com/products/modern-workspaces/collaborative-range/t25","https://www.wiprolighting.com/storage/12067/inform_t25.webp","T25"
"https://www.wiprolighting.com/products/modern-workspaces/collaborative-range/cone","https://www.wiprolighting.com/storage/12061/Cone-Pendant-Red.webp","Cone"
"https://www.wiprolighting.com/products/modern-workspaces/collaborative-range/celeste","https://www.wiprolighting.com/storage/12059/inform_celeste.webp","Celeste"
"https://www.wiprolighting.com/products/modern-workspaces/collaborative-range/trio-mesh","https://www.wiprolighting.com/storage/12056/Trio-Mesh-Pendant-White.webp","Trio-mesh"
"https://www.wiprolighting.com/products/modern-workspaces/collaborative-range/hexa-ring","https://www.wiprolighting.com/storage/12053/Inform-range-04.webp","Hexa ring"
"https://www.wiprolighting.com/products/modern-workspaces/collaborative-range/hexa","https://www.wiprolighting.com/storage/12051/Hexa.jpg","Hexa"
"https://www.wiprolighting.com/products/modern-workspaces/collaborative-range/orbit","https://www.wiprolighting.com/storage/12049/inform_orbit.webp","Orbit"
"https://www.wiprolighting.com/products/modern-workspaces/collaborative-range/sphere","https://www.wiprolighting.com/storage/12045/inform_sphere.webp","Sphere"
"https://www.wiprolighting.com/products/modern-workspaces/collaborative-range/globe","https://www.wiprolighting.com/storage/12043/inform_globe.webp","Globe"
"https://www.wiprolighting.com/products/modern-workspaces/collaborative-range/umeka","https://www.wiprolighting.com/storage/12040/Umeko.webp","Umeka"
"https://www.wiprolighting.com/products/modern-workspaces/collaborative-range/freya","https://www.wiprolighting.com/storage/12064/Freya.webp","Freya"
"https://www.wiprolighting.com/products/modern-workspaces/architectual-solution/curvilinear","https://www.wiprolighting.com/storage/8843/auqa_product.webp","Curvilinear"
"https://www.wiprolighting.com/products/modern-workspaces/architectual-solution/skyscale","https://www.wiprolighting.com/storage/12123/skyscale.webp","Skyscale"
"https://www.wiprolighting.com/products/modern-workspaces/linear/gleamline","https://www.wiprolighting.com/storage/11992/Gleamline_1.webp","Gleamline"
"https://www.wiprolighting.com/products/outdoor/pathways-postops/zion-post-top-lp15","https://www.wiprolighting.com/storage/9275/zion-postop.webp","Zion Post Top LP15"
"https://www.wiprolighting.com/products/outdoor/pathways-postops/elysia-post-top","https://www.wiprolighting.com/storage/12030/elysia-postop.webp","Elysia Post Top"
"https://www.wiprolighting.com/products/outdoor/pathways-postops/amethyst-post-top","https://www.wiprolighting.com/storage/12145/Amethyst-.webp","Amethyst Post Top"
"https://www.wiprolighting.com/products/outdoor/bollards/strix-bollard","https://www.wiprolighting.com/storage/9289/strix.webp","Strix Bollard"
"https://www.wiprolighting.com/products/industrial-solutions/high-bay-mid-bay/radial-uno-z-hat","https://www.wiprolighting.com/storage/11918/Radial-UNO-Z-HAT.webp","Radial UNO Z HAT"
"https://www.wiprolighting.com/products/outdoor/bollards/whistling-j-bollard","https://www.wiprolighting.com/storage/12189/J-bollard.webp","whistling J bollard"
"https://www.wiprolighting.com/products/modern-workspaces/linear/axeon-dropdown-20w-40w","https://www.wiprolighting.com/storage/11977/axeon-dropdown.webp","Axeon Dropdown (20W-40W)"
"https://www.wiprolighting.com/products/modern-workspaces/linear/axeon-down-light-20w-40w","https://www.wiprolighting.com/storage/11975/axeon-downlight.webp","Axeon Down light (20W-40W)"
"https://www.wiprolighting.com/products/modern-workspaces/linear/axeon-conectivity-26w-39w","https://www.wiprolighting.com/storage/11973/axeon-downlight-conectivity.webp","Axeon Conectivity (26W-39W)"
"https://www.wiprolighting.com/products/modern-workspaces/linear/axeon-recess","https://www.wiprolighting.com/storage/11971/axeon-reccess.webp","Axeon Recess"
"https://www.wiprolighting.com/products/modern-workspaces/linear/axeon-surface-20w-40w","https://www.wiprolighting.com/storage/11969/axeon-surface.webp","Axeon surface (20W-40W)"
"https://www.wiprolighting.com/products/modern-workspaces/linear/axeon-up-down-light-29w-58w","https://www.wiprolighting.com/storage/11965/axeon-surface.webp","Axeon Up-down light (29W-58W)"
"https://www.wiprolighting.com/products/modern-workspaces/2x2/elate-led","https://www.wiprolighting.com/storage/11982/ElateLED.webp","Elate LED"
"https://www.wiprolighting.com/products/industrial-solutions/cleanroom-solutions/vision-teardrop","https://www.wiprolighting.com/storage/11944/vision+-teardrop.webp","Vision Teardrop"
"https://www.wiprolighting.com/products/industrial-solutions/cleanroom-solutions/vision-tocr","https://www.wiprolighting.com/storage/8892/vision+-TOCR.webp","Vision+ TOCR"
"https://www.wiprolighting.com/products/industrial-solutions/cleanroom-solutions/vision-tocr-2","https://www.wiprolighting.com/storage/9112/vision-TOCR.webp","Vision TOCR"
"https://www.wiprolighting.com/products/industrial-solutions/cleanroom-solutions/vision-line","https://www.wiprolighting.com/storage/9114/Vision+-Line.webp","Vision+ Line"
"https://www.wiprolighting.com/products/industrial-solutions/cleanroom-solutions/vision-bocr","https://www.wiprolighting.com/storage/9116/vision-bocr.webp","Vision BOCR"
"https://www.wiprolighting.com/products/industrial-solutions/cleanroom-solutions/vision-linear-dome","https://www.wiprolighting.com/storage/9123/Vision-Linear-Dome.webp","Vision Linear Dome"
"https://www.wiprolighting.com/products/industrial-solutions/cleanroom-solutions/vision-z","https://www.wiprolighting.com/storage/9125/vision+z.webp","Vision+ Z"
"https://www.wiprolighting.com/products/modern-workspaces/acoustic-solution/donut","https://www.wiprolighting.com/storage/10833/donut_1.webp","Donut"
"https://www.wiprolighting.com/products/modern-workspaces/linear/llano","https://www.wiprolighting.com/storage/12093/LLano_2.webp","Llano"
"https://www.wiprolighting.com/products/modern-workspaces/2x2/immaculate-led-dd","https://www.wiprolighting.com/storage/12007/immaculate_dd-1.jpg","Immaculate LED DD"
"https://www.wiprolighting.com/products/modern-workspaces/2x2/immaculate-led-trimless","https://www.wiprolighting.com/storage/12034/immaculate-slim-2.jpg","Immaculate LED Trimless"
"https://www.wiprolighting.com/products/modern-workspaces/2x2/immaculate-led-slim","https://www.wiprolighting.com/storage/12029/immaculate-slim-2.jpg","Immaculate LED Slim"
"https://www.wiprolighting.com/products/industrial-solutions/high-bay-mid-bay/astra","https://www.wiprolighting.com/storage/11902/Astra.webp","Astra"
"https://www.wiprolighting.com/products/industrial-solutions/wellglass/maxx-wellglass","https://www.wiprolighting.com/storage/11913/Wellglass-Maxx.webp","Maxx Wellglass"
"https://www.wiprolighting.com/products/industrial-solutions/smart-industrial-products/imperias","https://www.wiprolighting.com/storage/9145/ImperiaS.webp","ImperiaS"
"https://www.wiprolighting.com/products/modern-workspaces/architectual-solution/skymesh-square","https://www.wiprolighting.com/storage/12120/Skymesh-Square-standalone.webp","Skymesh Square"
"https://www.wiprolighting.com/products/modern-workspaces/architectual-solution/skymesh-hexagonal","https://www.wiprolighting.com/storage/12117/Skymesh-Hexagonal-standalone.webp","Skymesh Hexagonal"
"https://www.wiprolighting.com/products/modern-workspaces/linear/cove-light","https://www.wiprolighting.com/storage/12222/Cove.webp","Cove Light"
"https://www.wiprolighting.com/products/industrial-solutions/high-bay-mid-bay/uno-pro-pro","https://www.wiprolighting.com/storage/12280/uno-pro-and-pro-plus.webp","Uno Pro & Pro+"
"https://www.wiprolighting.com/products/outdoor/bollards/swan-bollard","https://www.wiprolighting.com/storage/12416/Swan-Bollard_2.webp","Swan Bollard"