brand,title,product_type,tags,handle,product_url,price_min_inr,price_max_inr,option_names,variants,num_images,image_urls,created_at,updated_at
Atomberg,Fluero Mini,Personal Fan,Personal Fan,fluero-mini,https://atomberg.com/products/fluero-mini,2900.0,2900.0,Color,Snow White :: SKU=FG1435 :: ₹2900.00,1,https://cdn.shopify.com/s/files/1/0712/5159/1221/files/Fluero_Mini_Fan_PLIs_1.jpg?v=1787750770,2026-08-26T18:59:08+05:30,2026-09-08T08:56:53+05:30
Atomberg,Erica Artesta Ceiling Fan,Ceiling Fans,"All Fans, BLDC Ceiling Fans, Ceiling Fans, Designer Fans",erica-artesta-ceiling-fan,https://atomberg.com/products/erica-artesta-ceiling-fan,3499.0,3499.0,"Color, Sweep Size",Midnight Black/1230mm :: SKU=FG0872 :: ₹3499.00,2,https://cdn.shopify.com/s/files/1/0712/5159/1221/files/artestawhite1200mm_1.jpg?v=1783437037 | https://cdn.shopify.com/s/files/1/0712/5159/1221/files/artestamidnightblack1200mm_1.jpg?v=1783437037,2026-07-07T20:40:34+05:30,2026-09-08T08:56:53+05:30
Atomberg,Renesa Prime Crest,Ceiling Fans,"All Fans, Ceiling Fans, Renesa Series Ceiling Fans",atomberg-renesa-prime-crest-ceiling-fan,https://atomberg.com/products/atomberg-renesa-prime-crest-ceiling-fan,3499.0,4449.0,"Color, Sweep Size, Fan Type",Seasand Ivory/1200mm/Regulator :: SKU=FG1467 :: ₹3649.00 | Honey Maplewood/1200mm/Remote :: SKU=FG1297-1 :: ₹4449.00 | Honey Maplewood/1200mm/Regulator :: SKU=FG1470 :: ₹4199.00 | Honey Maplewood/900mm/Regulator :: SKU=FG1480 :: ₹4099.00 | Honey Maplewood/600mm/Regulator :: SKU=FG1477 :: ₹3999.00 | Gloss Black/1200mm/Remote :: SKU=FG1297-1-1 :: ₹3949.00 | Gloss Black/1200mm/Regulator :: SKU=FG1464 :: ₹3699.00 | Gloss Black/900mm/Regulator :: SKU=FG1478 :: ₹3599.00 | Gloss Black/600mm/Regulator :: SKU=FG1476 :: ₹3499.00 | Copper Haze/1200mm/Remote :: SKU=FG1297-1-1-2 :: ₹4449.00 | Copper Haze/1200mm/Regulator :: SKU=FG1474 :: ₹3849.00 | Gloss White/1200mm/Remote :: SKU=FG1297-1-1-3-1-1-1 :: ₹3949.00 | Gloss White/1200mm/Regulator :: SKU=FG1466 :: ₹3699.00 | Gloss White/900mm/Regulator :: SKU=FG1479 :: ₹3599.00 | Gloss White/600mm/Regulator :: SKU=FG1475 :: ₹3499.00 | Dark Walnut/1200mm/Remote :: SKU=FG1297-1-1-3 :: ₹4449.00 | Misty Teal/1200mm/Remote :: SKU=FG1297-1-1-1 :: ₹3949.00 | Nordic Ashwood/1200mm/Remote :: SKU=FG1297-1-1-3-1 :: ₹4449.00 | Desert Pearl/1200mm/Remote :: SKU=FG1297-1-1-3-1-1 :: ₹3949.00 | Gloss White & Black/1200mm/Regulator :: SKU=FG1494 :: ₹3699.00,22,https://cdn.shopify.com/s/files/1/0712/5159/1221/files/artboard_1_black_7.png?v=1783437242 | https://cdn.shopify.com/s/files/1/0712/5159/1221/files/artboard_1_white_7.png?v=1783437242 | https://cdn.shopify.com/s/files/1/0712/5159/1221/files/artboard_4_walnut_9.png?v=1783437242 | https://cdn.shopify.com/s/files/1/0712/5159/1221/files/artboard_10_3_1.png?v=1783437242 | https://cdn.shopify.com/s/files/1/0712/5159/1221/files/artboard_1_honey_7.png?v=1783437242 | https://cdn.shopify.com/s/files/1/0712/5159/1221/files/artboard_1_cop_7_728fda28-2af2-473f-8ff3-62c679b25038.png?v=1784204872 | https://cdn.shopify.com/s/files/1/0712/5159/1221/files/artboard_1_ashwood_7_e4798b94-5f1d-46a5-930b-6d57ae9fbcca.png?v=1784204877 | https://cdn.shopify.com/s/files/1/0712/5159/1221/files/artboard_1_desert_7_e708f732-4dda-4112-8bd7-6f3d39694f15.png?v=1784204881 | https://cdn.shopify.com/s/files/1/0712/5159/1221/files/01A_8c19f735-266d-4e53-8cef-4e27ca6f369b.png?v=1787740747 | https://cdn.shopify.com/s/files/1/0712/5159/1221/files/01A_6b4ca2d9-eea8-4ffd-b6c3-32195c58ed3b.png?v=1787742661 | https://cdn.shopify.com/s/files/1/0712/5159/1221/files/01_c2b69f0c-283a-4ce1-b03d-2ae8398ce696.png?v=1787743016 | https://cdn.shopify.com/s/files/1/0712/5159/1221/files/01_ff8662fe-3943-4d25-bfe7-952227955e6d.png?v=1787744374 | https://cdn.shopify.com/s/files/1/0712/5159/1221/files/01_d9b73219-a944-40e7-ac15-7275582728e8.png?v=1787745749 | https://cdn.shopify.com/s/files/1/0712/5159/1221/files/01_5451f62e-eb63-42a7-83e6-cc038b846840.png?v=1787745684 | https://cdn.shopify.com/s/files/1/0712/5159/1221/files/01_64d0258a-ab32-4428-b3a1-214e6b24ef2c.png?v=1787747032 | https://cdn.shopify.com/s/files/1/0712/5159/1221/files/01_6ef4a0d5-3f4c-4949-b5fa-cd1622f1603f.png?v=1787747905 | https://cdn.shopify.com/s/files/1/0712/5159/1221/files/01_40f75e8d-c389-438d-8cbd-772ab321a294.png?v=1787748412 | https://cdn.shopify.com/s/files/1/0712/5159/1221/files/01_0fb53b87-e46b-4f5e-896e-c33a8e8d4992.png?v=1787748465 | https://cdn.shopify.com/s/files/1/0712/5159/1221/files/01_cf3ffb13-f02a-400b-9a2b-9de3c8b1183e.png?v=1787748706 | https://cdn.shopify.com/s/files/1/0712/5159/1221/files/01_1df07cfb-0d3e-46d5-b10c-da573dc8a65b.png?v=1787749353 | https://cdn.shopify.com/s/files/1/0712/5159/1221/files/01_a6dafcb0-c2c1-474d-a921-a6f4d24377af.png?v=1787749627 | https://cdn.shopify.com/s/files/1/0712/5159/1221/files/01_04ea3bdb-124d-438e-abec-ff71ba04f23d.png?v=1787749943,2026-07-07T20:44:00+05:30,2026-09-08T08:56:53+05:30
Atomberg,Emperion Magna Smart,Ceiling Fans,"All Fans, Ceiling Fans",atomberg-emperion-magna-ceiling-fan,https://atomberg.com/products/atomberg-emperion-magna-ceiling-fan,19999.0,19999.0,"Color, Sweep Size",Amber Light Teak (Wooden)/1280mm :: SKU=FG1050 :: ₹19999.00 | Lava Grey (Gloss Metallic)/1280mm :: SKU=FG1049 :: ₹19999.00 | Pearl White (Matte Metallic)/1280mm :: SKU=FG0943 :: ₹19999.00,3,https://cdn.shopify.com/s/files/1/0712/5159/1221/files/emperion_magna_plis_amber_light_teak-06_1.jpg?v=1783437233 | https://cdn.shopify.com/s/files/1/0712/5159/1221/files/emperion_magna_plis_pearl_white-06.jpg?v=1783437233 | https://cdn.shopify.com/s/files/1/0712/5159/1221/files/emperion_magna_plis_lava_grey-06.jpg?v=1783437233,2026-07-07T20:43:50+05:30,2026-09-08T08:56:53+05:30
Atomberg,Ikano Stylique,Ceiling Fans,"1200 mm Ceiling Fans, All Fans, Bedroom Ceiling Fans, Ceiling Fans, Classic Fans, Designer Fans, Living Room Ceiling Fans",atomberg-ikano-stylique-ceiling-fan,https://atomberg.com/products/atomberg-ikano-stylique-ceiling-fan,3499.0,3499.0,"Color, Sweep Size",Gloss Black/1200mm :: SKU=FG1319 :: ₹3499.00 | Gloss White/1200mm :: SKU=FG1020 :: ₹3499.00 | Pebble Grey/1200mm :: SKU=FG1023 :: ₹3499.00 | Seasand Ivory/1200mm :: SKU=FG1022 :: ₹3499.00,4,https://cdn.shopify.com/s/files/1/0712/5159/1221/files/ikano_stylique_pli_black-05.jpg?v=1783437218 | https://cdn.shopify.com/s/files/1/0712/5159/1221/files/ikano_stylique_pli_gloss_white-05.jpg?v=1783437217 | https://cdn.shopify.com/s/files/1/0712/5159/1221/files/ikano_stylique_pli_pebble_grey-05.jpg?v=1783437217 | https://cdn.shopify.com/s/files/1/0712/5159/1221/files/ikano_stylique_pli_seasand_ivory-05_1.jpg?v=1783482913,2026-07-07T20:43:35+05:30,2026-09-08T08:56:53+05:30
Atomberg,Renesa Epoque,Ceiling Fans,"1200 mm Ceiling Fans, All Fans, Bedroom Ceiling Fans, Ceiling Fans, Living Room Ceiling Fans, Renesa Series Ceiling Fans",atomberg-renesa-epoque-ceiling-fan,https://atomberg.com/products/atomberg-renesa-epoque-ceiling-fan,3599.0,3599.0,"Color, Sweep Size",Gloss Black/1200mm :: SKU=FG1297 :: ₹3599.00 | Gloss White/1200mm :: SKU=FG1043 :: ₹3599.00 | Pebble Grey/1200mm :: SKU=FG1298 :: ₹3599.00 | Sangria Brown/1200mm :: SKU=FG1300 :: ₹3599.00 | Gloss Earth Brown/1200mm :: SKU=FG1299 :: ₹3599.00 | Seasand Ivory/1200mm :: SKU=FG1357 :: ₹3599.00,6,https://cdn.shopify.com/s/files/1/0712/5159/1221/files/1_12.png?v=1783437209 | https://cdn.shopify.com/s/files/1/0712/5159/1221/files/2_5.png?v=1783437209 | https://cdn.shopify.com/s/files/1/0712/5159/1221/files/1_15.png?v=1783437209 | https://cdn.shopify.com/s/files/1/0712/5159/1221/files/1_16.png?v=1783437209 | https://cdn.shopify.com/s/files/1/0712/5159/1221/files/1_17.png?v=1783437209 | https://cdn.shopify.com/s/files/1/0712/5159/1221/files/Artboard_100_2f71d0f7-537d-4ee1-9b65-cec697141ac6.png?v=1788518475,2026-07-07T20:43:26+05:30,2026-09-08T08:56:53+05:30
Atomberg,Studio Ventra Ceiling Fan,Ceiling Fans,"1200 mm Ceiling Fans, All Fans, Bedroom Ceiling Fans, Ceiling Fans, Designer Fans, Living Room Ceiling Fans, Smart Fans",atomberg-studio-ventra-ceiling-fan,https://atomberg.com/products/atomberg-studio-ventra-ceiling-fan,4599.0,4599.0,"Color, Sweep Size",Snow White/1250mm :: SKU=FG1025 :: ₹4599.00 | Blaze Brown/1250mm :: SKU=FG1286 :: ₹4599.00 | Urban Chrome/1250mm :: SKU=FG1284 :: ₹4599.00 | Creme Brulee/1250mm :: SKU=FG1285 :: ₹4599.00,4,https://cdn.shopify.com/s/files/1/0712/5159/1221/files/studio_ventra_pli_snow_white-05.png?v=1783437198 | https://cdn.shopify.com/s/files/1/0712/5159/1221/files/studio_ventra_pli_blaze_brown-05.png?v=1783437198 | https://cdn.shopify.com/s/files/1/0712/5159/1221/files/studio_ventra_pli_urban_chrome-05.png?v=1783437198 | https://cdn.shopify.com/s/files/1/0712/5159/1221/files/studio_ventra_pli_creme_brulee-05.png?v=1783437198,2026-07-07T20:43:16+05:30,2026-09-08T08:56:53+05:30
Atomberg,Razon Ceiling Fan,Ceiling Fans,"1200 mm Ceiling Fans, All Fans, Bedroom Ceiling Fans, Ceiling Fans, Living Room Ceiling Fans, Sleek Fans",atomberg-razon-ceiling-fan,https://atomberg.com/products/atomberg-razon-ceiling-fan,4149.0,4149.0,"Color, Sweep Size",Gloss White/1200mm :: SKU=FG0739 :: ₹4149.00 | Midnight Black/1200mm :: SKU=FG1279 :: ₹4149.00 | Misty Teal/1200mm :: SKU=FG1281 :: ₹4149.00 | Sangria Brown/1200mm :: SKU=FG1283 :: ₹4149.00 | Urban Chrome/1200mm :: SKU=FG1280 :: ₹4149.00 | Creme Brulee/1200mm :: SKU=FG1282 :: ₹4149.00,6,https://cdn.shopify.com/s/files/1/0712/5159/1221/files/razon_white_26_mar_5.png?v=1783437181 | https://cdn.shopify.com/s/files/1/0712/5159/1221/files/rzn_mb_23_mar_5.png?v=1783437180 | https://cdn.shopify.com/s/files/1/0712/5159/1221/files/rzn_mt_23_mar_5.png?v=1783437180 | https://cdn.shopify.com/s/files/1/0712/5159/1221/files/rzn_sb_23_mar_5.png?v=1783437180 | https://cdn.shopify.com/s/files/1/0712/5159/1221/files/rzn_uc_23_mar_5.png?v=1783437180 | https://cdn.shopify.com/s/files/1/0712/5159/1221/files/rzn_cb_23_mar_5.png?v=1783437180,2026-07-07T20:42:57+05:30,2026-09-08T08:56:53+05:30
Atomberg,Erica Signature Ceiling Fan,Ceiling Fans,"1200 mm Ceiling Fans, All Fans, Bedroom Ceiling Fans, Ceiling Fans, Living Room Ceiling Fans, Regulator Fans",erica-signature-ceiling-fan,https://atomberg.com/products/erica-signature-ceiling-fan,3849.0,3849.0,"Color, Sweep Size",Midnight Black/1230mm :: SKU=FG1207 :: ₹3849.00 | Snow White/1230mm :: SKU=FG1012 :: ₹3849.00 | Blaze Brown/1230mm :: SKU=FG1208 :: ₹3849.00 | Seasand Ivory/1230mm :: SKU=FG1209 :: ₹3849.00,4,https://cdn.shopify.com/s/files/1/0712/5159/1221/files/erica_signature_plis_midnight_black_reg-05.png?v=1783437162 | https://cdn.shopify.com/s/files/1/0712/5159/1221/files/erica_signature_plis_snow_white_reg-05.png?v=1783437162 | https://cdn.shopify.com/s/files/1/0712/5159/1221/files/erica_signature_plis_blaze_brown_reg-05.png?v=1783437162 | https://cdn.shopify.com/s/files/1/0712/5159/1221/files/erica_signature_plis_seasand_ivory_reg-05.png?v=1783437162,2026-07-07T20:42:40+05:30,2026-09-08T08:56:53+05:30
Atomberg,SilenceAire Hi-Speed Pedestal Fan,Pedestal Fans,Pedestal Fans,atomberg-silenceaire-hi-speed-pedestal-fan,https://atomberg.com/products/atomberg-silenceaire-hi-speed-pedestal-fan,4249.0,4249.0,"Color, Sweep Size, Variant",Aegean Blue/400mm/Swing :: SKU=FG1290 :: ₹4249.00 | Midnight Black/400mm/Swing :: SKU=FG0953 :: ₹4249.00 | Snow White/400mm/Swing :: SKU=FG1289 :: ₹4249.00,3,https://cdn.shopify.com/s/files/1/0712/5159/1221/files/silenceaire_pedestal_400_blue_pli_1.jpg?v=1783437153 | https://cdn.shopify.com/s/files/1/0712/5159/1221/files/silenceaire_pedestal_400_black_pli_1__1.jpg?v=1783437153 | https://cdn.shopify.com/s/files/1/0712/5159/1221/files/silenceaire_pedestal_400_white_pli_1__1.jpg?v=1783437153,2026-07-07T20:42:31+05:30,2026-09-08T08:56:53+05:30
Atomberg,Metallion 18  Metal Wall Fan,Wall Fans,"Renesa Series, Wall Fans",atomberg-metallion-18-metal-wall-fan,https://atomberg.com/products/atomberg-metallion-18-metal-wall-fan,4399.0,4399.0,"Color, Sweep Size",Midnight Black/450mm :: SKU=FG0949 :: ₹4399.00,1,https://cdn.shopify.com/s/files/1/0712/5159/1221/files/hyena_wall_fan_plis_black_13_feb_1__1_c73b2549-bc86-4eb6-a94d-ac11924b14d7.jpg?v=1783437146,2026-07-07T20:42:23+05:30,2026-09-08T08:56:53+05:30
Atomberg,SilenceAire Hi-Speed Wall fan,Wall Fans,Wall Fans,silenceaire-hi-speed-plastic-wall-fan,https://atomberg.com/products/silenceaire-hi-speed-plastic-wall-fan,3899.0,3899.0,"Color, Sweep Size",Aegean Blue/400mm :: SKU=FG1293 :: ₹3899.00 | Midnight Black/400mm :: SKU=FG0994 :: ₹3899.00 | Snow White/400mm :: SKU=FG1292 :: ₹3899.00,3,https://cdn.shopify.com/s/files/1/0712/5159/1221/files/silenceaire_wall_fan_plis_blue_13_feb_1.jpg?v=1783437139 | https://cdn.shopify.com/s/files/1/0712/5159/1221/files/silenceaire_wall_fan_plis_black_13_feb_1__1.jpg?v=1783437139 | https://cdn.shopify.com/s/files/1/0712/5159/1221/files/silenceaire_wall_fan_plis_white_13_feb_1.jpg?v=1783437139,2026-07-07T20:42:16+05:30,2026-09-08T08:56:53+05:30
Atomberg,Efficio Orb Exhaust Fan,Exhaust Fans,"Efficio Series Exhaust Fans, Exhaust Fans",atomberg-efficio-orb-exhaust-fan,https://atomberg.com/products/atomberg-efficio-orb-exhaust-fan,1249.0,1249.0,"Color, Sweep Size",Gloss Black/150mm :: SKU=FG1030 :: ₹1249.00 | Gloss White/150mm :: SKU=FG1029 :: ₹1249.00,2,https://cdn.shopify.com/s/files/1/0712/5159/1221/files/efficio_orb_150_mm_black_pli_1.jpg?v=1783437131 | https://cdn.shopify.com/s/files/1/0712/5159/1221/files/efficio_orb_150_mm_white_pli_1.jpg?v=1783437131,2026-07-07T20:42:09+05:30,2026-09-08T08:56:53+05:30
Atomberg,Atomberg Efficio Prime Black,Best Energy-Efficient Fans in Sri Lanka,Best Energy-Efficient Fans in Sri Lanka,shop-ceiling-fans-atomberg-efficio-prime-bldc-motor-with-remote-3-blade-ceiling-fan-black-srilanka,https://atomberg.com/products/shop-ceiling-fans-atomberg-efficio-prime-bldc-motor-with-remote-3-blade-ceiling-fan-black-srilanka,19900.0,19900.0,"Color, Sweep Size",Gloss Black/1400mm :: SKU=FG0798 :: ₹19900.00,1,https://cdn.shopify.com/s/files/1/0712/5159/1221/files/efficio_prime_plis_black-01.jpg?v=1783437116,2026-07-07T20:41:54+05:30,2026-09-08T08:56:53+05:30
Atomberg,Atomberg Efficio Prime White,Best Energy-Efficient Fans in Sri Lanka,Best Energy-Efficient Fans in Sri Lanka,shop-ceiling-fans-atomberg-efficio-prime-bldc-motor-with-remote-3-blade-ceiling-fan-white-srilanka-1,https://atomberg.com/products/shop-ceiling-fans-atomberg-efficio-prime-bldc-motor-with-remote-3-blade-ceiling-fan-white-srilanka-1,19900.0,19900.0,"Color, Sweep Size",Gloss White/1400mm :: SKU=FG0800 :: ₹19900.00,1,https://cdn.shopify.com/s/files/1/0712/5159/1221/files/efficio_prime_plis-01.jpg?v=1783437110,2026-07-07T20:41:48+05:30,2026-09-08T08:56:53+05:30
Atomberg,Atomberg Renesa Black,Best Energy-Efficient Fans in Sri Lanka,Best Energy-Efficient Fans in Sri Lanka,shop-ceiling-fans-atomberg-renesa-bldc-motor-with-remote-3-blade-ceiling-fan-black-srilanka,https://atomberg.com/products/shop-ceiling-fans-atomberg-renesa-bldc-motor-with-remote-3-blade-ceiling-fan-black-srilanka,20900.0,20900.0,"Color, Sweep Size",Midnight Black/1400mm :: SKU=FG0756 :: ₹20900.00,1,https://cdn.shopify.com/s/files/1/0712/5159/1221/files/renesa_prime_remote_midnight_black_plis-01.jpg?v=1783437103,2026-07-07T20:41:42+05:30,2026-09-08T08:56:53+05:30
Atomberg,Atomberg Renesa Pedestal Black,Best Energy-Efficient Fans in Sri Lanka,Best Energy-Efficient Fans in Sri Lanka,atomberg-pedestal-fan-renesa-bldc-motor-energy-saving-pedestal-fan-400mm-with-remote-control-black-srilanka,https://atomberg.com/products/atomberg-pedestal-fan-renesa-bldc-motor-energy-saving-pedestal-fan-400mm-with-remote-control-black-srilanka,23900.0,23900.0,"Color, Sweep Size, Variant",Midnight Black/400mm/Swing :: SKU=FG0647 :: ₹23900.00,1,https://cdn.shopify.com/s/files/1/0712/5159/1221/files/black.jpg?v=1783437097,2026-07-07T20:41:35+05:30,2026-09-08T08:56:53+05:30
Atomberg,Atomberg Renesa+ Golden Oakwood,Best Energy-Efficient Fans in Sri Lanka,Best Energy-Efficient Fans in Sri Lanka,atomberg-renesa-plus-bldc-motor-with-remote-3-blade-ceiling-fan-srilanka,https://atomberg.com/products/atomberg-renesa-plus-bldc-motor-with-remote-3-blade-ceiling-fan-srilanka,24900.0,24900.0,"Color, Sweep Size",Golden Oakwood/1400mm :: SKU=FG0797 :: ₹24900.00,1,https://cdn.shopify.com/s/files/1/0712/5159/1221/files/renesa_pli-01.jpg?v=1783437091,2026-07-07T20:41:29+05:30,2026-09-08T08:56:53+05:30
Atomberg,Atomberg Renesa Pedestal White,Best Energy-Efficient Fans in Sri Lanka,Best Energy-Efficient Fans in Sri Lanka,atomberg-pedestal-fan-renesa-bldc-motor-energy-saving-pedestal-fan-400mm-with-remote-control-white-srilanka,https://atomberg.com/products/atomberg-pedestal-fan-renesa-bldc-motor-energy-saving-pedestal-fan-400mm-with-remote-control-white-srilanka,23900.0,23900.0,"Color, Sweep Size, Variant",Snow White/400mm/Swing :: SKU=FG0212-srilanka :: ₹23900.00,1,https://cdn.shopify.com/s/files/1/0712/5159/1221/files/white.jpg?v=1783437084,2026-07-07T20:41:22+05:30,2026-09-08T08:56:53+05:30
Atomberg,Atomberg Renesa White,Best Energy-Efficient Fans in Sri Lanka,Best Energy-Efficient Fans in Sri Lanka,shop-ceiling-fans-atomberg-renesa-bldc-motor-with-remote-3-blade-ceiling-fan-white-srilanka,https://atomberg.com/products/shop-ceiling-fans-atomberg-renesa-bldc-motor-with-remote-3-blade-ceiling-fan-white-srilanka,20900.0,20900.0,"Color, Sweep Size",White/1400mm :: SKU=FG0799 :: ₹20900.00,1,https://cdn.shopify.com/s/files/1/0712/5159/1221/files/renesa_prime_remote_gloss_white_plis-01.jpg?v=1783437077,2026-07-07T20:41:15+05:30,2026-09-08T08:56:53+05:30
Atomberg,Studio Nexus,Ceiling Fans,"1200 mm Ceiling Fans, 1400 mm Ceiling Fans, 900 mm Ceiling Fans, All Fans, Bedroom Ceiling Fans, Ceiling Fans, Designer Fans, Living Room Ceiling Fans, Smart Fans",atomberg-studio-nexus-bldc-motor-3-blade-ceiling-fan,https://atomberg.com/products/atomberg-studio-nexus-bldc-motor-3-blade-ceiling-fan,4599.0,5699.0,"Color, Sweep Size, Fan Type",Pearl White/1200mm/Nexus Smart :: SKU=FG1232 :: ₹4999.00 | Pearl White/900mm/Nexus Smart :: SKU=FG1245 :: ₹4899.00 | Pearl White/1400mm/Nexus Smart :: SKU=FG1249 :: ₹5199.00 | Dark Walnut/1200mm/Nexus Smart :: SKU=FG1243 :: ₹5499.00 | Dark Walnut/900mm/Nexus Smart :: SKU=FG1248 :: ₹5399.00 | Dark Walnut/1400mm/Nexus Smart :: SKU=FG1252 :: ₹5699.00 | Midnight Black/1200mm/Nexus :: SKU=FG1238 :: ₹4599.00 | Rose Gold/1200mm/Nexus Smart :: SKU=FG1242 :: ₹4999.00 | Rose Gold/900mm/Nexus Smart :: SKU=FG1247 :: ₹4899.00 | Rose Gold/1400mm/Nexus Smart :: SKU=FG1251 :: ₹5199.00 | Ritz Blue/1200mm/Nexus Smart :: SKU=FG1241 :: ₹4999.00 | Ritz Blue/900mm/Nexus Smart :: SKU=FG0682 :: ₹4899.00 | Ritz Blue/1400mm/Nexus Smart :: SKU=FG1250 :: ₹5199.00 | Gloss White/1200mm/Nexus :: SKU=FG1244 :: ₹4599.00 | Pebble Grey/1200mm/Nexus :: SKU=FG1240 :: ₹4599.00 | Blaze Brown/1200mm/Nexus :: SKU=FG0685 :: ₹4599.00,16,https://cdn.shopify.com/s/files/1/0712/5159/1221/files/st_nx_sm_1200_pw_pli_21_mar_1.png?v=1783437026 | https://cdn.shopify.com/s/files/1/0712/5159/1221/files/st_nx_1400_pw_pli_21_mar_1.png?v=1783437025 | https://cdn.shopify.com/s/files/1/0712/5159/1221/files/st_nx_900_pw_pli_21_mar_1.png?v=1783437025 | https://cdn.shopify.com/s/files/1/0712/5159/1221/files/st_nx_ns_1200_gw_pli_21_mar_1.png?v=1783437025 | https://cdn.shopify.com/s/files/1/0712/5159/1221/files/st_nx_1400_rg_pli_21_mar_1.png?v=1783437025 | https://cdn.shopify.com/s/files/1/0712/5159/1221/files/st_nx_900_rg_pli_21_mar_1.png?v=1783437025 | https://cdn.shopify.com/s/files/1/0712/5159/1221/files/st_nx_sm_1200_rg_pli_21_mar_1.png?v=1783437026 | https://cdn.shopify.com/s/files/1/0712/5159/1221/files/st_nx_ns_1200_mb_pli_21_mar_1.png?v=1783437025 | https://cdn.shopify.com/s/files/1/0712/5159/1221/files/st_nx_sm_1200_dw_pli_21_mar_1.png?v=1783437025 | https://cdn.shopify.com/s/files/1/0712/5159/1221/files/st_nx_1400_dw_pli_21_mar_1.png?v=1783437025 | https://cdn.shopify.com/s/files/1/0712/5159/1221/files/st_nx_900_dw_pli_21_mar_1.png?v=1783437025 | https://cdn.shopify.com/s/files/1/0712/5159/1221/files/st_nx_ns_1200_pg_pli_21_mar_1.png?v=1783437025 | https://cdn.shopify.com/s/files/1/0712/5159/1221/files/st_nx_ns_1200_bbb_pli_21_mar_1.png?v=1783437025 | https://cdn.shopify.com/s/files/1/0712/5159/1221/files/st_nx_sm_1200_rb_pli_21_mar_1.png?v=1783437025 | https://cdn.shopify.com/s/files/1/0712/5159/1221/files/st_nx_1400_rb_pli_21_mar_1.png?v=1783437025 | https://cdn.shopify.com/s/files/1/0712/5159/1221/files/st_nx_900_rb_pli_21_mar_1.png?v=1783437025,2026-07-07T20:40:21+05:30,2026-09-08T08:56:53+05:30
Atomberg,Erica Meta Ceiling Fan,Ceiling Fans,"1200 mm Ceiling Fans, All Fans, Bedroom Ceiling Fans, BLDC Ceiling Fans, Ceiling Fans, Designer Fans, Living Room Ceiling Fans",erica-meta-ceiling-fan,https://atomberg.com/products/erica-meta-ceiling-fan,3499.0,3499.0,"Color, Sweep Size",Gloss Seasand Ivory/1230mm :: SKU=FG0814 :: ₹3499.00 | Midnight Black/1230mm :: SKU=FG0812 :: ₹3499.00 | Snow White/1230mm :: SKU=FG0749 :: ₹3499.00 | Blaze Brown/1230mm :: SKU=FG0813 :: ₹3499.00,4,https://cdn.shopify.com/s/files/1/0712/5159/1221/files/ericameta_ssivory_2703_6.jpg?v=1783437006 | https://cdn.shopify.com/s/files/1/0712/5159/1221/files/erica_meta_ns_black_2703_6.jpg?v=1783437006 | https://cdn.shopify.com/s/files/1/0712/5159/1221/files/erica_meta_non_smart_pli-06.jpg?v=1783437006 | https://cdn.shopify.com/s/files/1/0712/5159/1221/files/ericameta_blzbrwn_2703_6.jpg?v=1783437007,2026-07-07T20:40:04+05:30,2026-09-08T08:56:53+05:30
Atomberg,Erica Nuvo Ceiling Fan,Ceiling Fans,"1200 mm Ceiling Fans, All Fans, Bedroom Ceiling Fans, BLDC Ceiling Fans, Ceiling Fans, Designer Fans, Living Room Ceiling Fans, Regulator Fans",erica-nuvo-ceiling-fan,https://atomberg.com/products/erica-nuvo-ceiling-fan,4299.0,4549.0,"Color, Sweep Size, Fan Type",Umber Brown/1200mm/Remote :: SKU=FG1255 :: ₹4549.00 | Lotus Pink/1200mm/Remote :: SKU=FG1254 :: ₹4549.00 | Aegean Blue/1200mm/Remote :: SKU=FG1256 :: ₹4549.00 | Midnight Black/1200mm/Remote :: SKU=FG0727 :: ₹4549.00 | Misty Teal/1200mm/Regulator :: SKU=FG0968 :: ₹4299.00 | Snow White/1200mm/Remote :: SKU=FG1253 :: ₹4549.00 | Snow White/1200mm/Regulator :: SKU=FG0967 :: ₹4299.00 | Blaze Brown/1200mm/Regulator :: SKU=FG0970 :: ₹4299.00 | Seasand Ivory/1200mm/Regulator :: SKU=FG0969 :: ₹4299.00,9,https://cdn.shopify.com/s/files/1/0712/5159/1221/files/erica_nuvo_plis-06.jpg?v=1783436997 | https://cdn.shopify.com/s/files/1/0712/5159/1221/files/erica_nuvo_plis_lotus_pink-06.jpg?v=1783436997 | https://cdn.shopify.com/s/files/1/0712/5159/1221/files/atom001_atomberg_fan_erica_nuvo_plis_aegean_blue_aw-05.jpg?v=1783436998 | https://cdn.shopify.com/s/files/1/0712/5159/1221/files/erica_nuvo_plis_black-06.jpg?v=1783436997 | https://cdn.shopify.com/s/files/1/0712/5159/1221/files/erica_nuvo_regulator_1200_teal_pli_09_jan_5.jpg?v=1783436997 | https://cdn.shopify.com/s/files/1/0712/5159/1221/files/atom001_atomberg_fan_erica_nuvo_plis_snow_white_aw-05.jpg?v=1783436997 | https://cdn.shopify.com/s/files/1/0712/5159/1221/files/erica_nuvo_regulator_1200_white_pli_09_jan_5.jpg?v=1783436997 | https://cdn.shopify.com/s/files/1/0712/5159/1221/files/erica_nuvo_regulator_1200_brown_pli_09_jan_5.jpg?v=1783436998 | https://cdn.shopify.com/s/files/1/0712/5159/1221/files/erica_nuvo_regulator_1200_ivory_pli_09_jan_5.jpg?v=1783436997,2026-07-07T20:39:55+05:30,2026-09-08T08:56:53+05:30
Atomberg,Renesa Table Fan,Table Fans,Table Fans,renesa-table-fan,https://atomberg.com/products/renesa-table-fan,3149.0,3149.0,Color,Black :: SKU=FG0732 :: ₹3149.00 | Snow White :: SKU=FG0731 :: ₹3149.00,2,https://cdn.shopify.com/s/files/1/0712/5159/1221/files/renesa_table_fan_plis_1_1.jpg?v=1783436977 | https://cdn.shopify.com/s/files/1/0712/5159/1221/files/renesa_pedestal_fan_plis_7_sw_2.jpg?v=1783436977,2026-07-07T20:39:35+05:30,2026-09-08T08:56:53+05:30
Atomberg,Renesa Halo,Ceiling Fans,"1200 mm Ceiling Fans, 1400 mm Ceiling Fans, 600 mm Ceiling Fans, 900 mm Ceiling Fans, All Fans, Bedroom Ceiling Fans, Ceiling Fans, Living Room Ceiling Fans, Sleek Fans, Small Fans, Smart Fans",atomberg-renesa-halo-bldc-motor-3-blade-ceiling-fan,https://atomberg.com/products/atomberg-renesa-halo-bldc-motor-3-blade-ceiling-fan,4099.0,4499.0,"Color, Sweep Size",Midnight Black/1200mm :: SKU=FG1110 :: ₹4299.00 | Midnight Black/600mm :: SKU=FG1136 :: ₹4099.00 | Midnight Black/900mm :: SKU=FG1129 :: ₹4199.00 | Midnight Black/1400mm :: SKU=FG1121 :: ₹4499.00 | Misty Teal/1200mm :: SKU=FG1112 :: ₹4299.00 | Misty Teal/600mm :: SKU=FG1137 :: ₹4099.00 | Misty Teal/900mm :: SKU=FG1131 :: ₹4199.00 | Misty Teal/1400mm :: SKU=FG1122 :: ₹4499.00 | Blaze Brown/1200mm :: SKU=FG1119 :: ₹4299.00 | Blaze Brown/600mm :: SKU=FG1140 :: ₹4099.00 | Blaze Brown/900mm :: SKU=FG1135 :: ₹4199.00 | Blaze Brown/1400mm :: SKU=FG1128 :: ₹4499.00 | White and Rose Gold/600mm :: SKU=FG1139 :: ₹4099.00 | White and Rose Gold/900mm :: SKU=FG1134 :: ₹4199.00 | White and Rose Gold/1400mm :: SKU=FG1127 :: ₹4499.00 | Gloss Seasand Ivory/1200mm :: SKU=FG1115 :: ₹4299.00 | Gloss Seasand Ivory/900mm :: SKU=FG1133 :: ₹4199.00 | Gloss Seasand Ivory/1400mm :: SKU=FG1124 :: ₹4499.00 | Aegean Blue/1200mm :: SKU=FG1120 :: ₹4249.00 | Pebble Grey/1200mm :: SKU=FG1113 :: ₹4299.00 | White and Champagne Gold/1200mm :: SKU=FG1118 :: ₹4299.00 | Spring Green/1200mm :: SKU=FG1114 :: ₹4299.00 | Copper Haze/1200mm :: SKU=FG1111 :: ₹4249.00 | Seasand Ivory and Black/1200mm :: SKU=FG1116 :: ₹4299.00 | Matte Brown and Black/1200mm :: SKU=FG0816 :: ₹4299.00 | White and Black/600mm :: SKU=FG0831 :: ₹4099.00 | White and Black/900mm :: SKU=FG0846 :: ₹4199.00,27,https://cdn.shopify.com/s/files/1/0712/5159/1221/files/matt_brown-01.jpg?v=1783436969 | https://cdn.shopify.com/s/files/1/0712/5159/1221/files/renesa_halo_600bnw_1.jpg?v=1783436969 | https://cdn.shopify.com/s/files/1/0712/5159/1221/files/renesahalo900mmwnb_1.jpg?v=1783436969 | https://cdn.shopify.com/s/files/1/0712/5159/1221/files/artboard_10_3.png?v=1783436970 | https://cdn.shopify.com/s/files/1/0712/5159/1221/files/seasand_ivory-07.jpg?v=1783436969 | https://cdn.shopify.com/s/files/1/0712/5159/1221/files/renesahaloseasandivory1400_7.jpg?v=1783436970 | https://cdn.shopify.com/s/files/1/0712/5159/1221/files/renesahalo900mmseasandivory_1.jpg?v=1783436969 | https://cdn.shopify.com/s/files/1/0712/5159/1221/files/midnight_black-07.jpg?v=1783436969 | https://cdn.shopify.com/s/files/1/0712/5159/1221/files/renesa_halo_smart_pli_600mm-01.jpg?v=1783436969 | https://cdn.shopify.com/s/files/1/0712/5159/1221/files/renesahalo1400mmmidnightblack_1.jpg?v=1783436969 | https://cdn.shopify.com/s/files/1/0712/5159/1221/files/renesahalo900mmmidnightblack_1.jpg?v=1783436970 | https://cdn.shopify.com/s/files/1/0712/5159/1221/files/renesahalomistyteal900mm_1.jpg?v=1783436969 | https://cdn.shopify.com/s/files/1/0712/5159/1221/files/misty_teal-07.jpg?v=1783436970 | https://cdn.shopify.com/s/files/1/0712/5159/1221/files/mistytealrenesahalo1400mm_1.jpg?v=1783436969 | https://cdn.shopify.com/s/files/1/0712/5159/1221/files/renesa_halo_misty_teal600mm_1.jpg?v=1783436969 | https://cdn.shopify.com/s/files/1/0712/5159/1221/files/pebble_grey-07.jpg?v=1783436969 | https://cdn.shopify.com/s/files/1/0712/5159/1221/files/renesahalo1400mmbrown_1.jpg?v=1783436970 | https://cdn.shopify.com/s/files/1/0712/5159/1221/files/renesahalo900mmblazebrown_1_25925e4b-3cd0-439a-89c1-4d525d7f3642.jpg?v=1783436970 | https://cdn.shopify.com/s/files/1/0712/5159/1221/files/renesa_halo600brown_1.jpg?v=1783436970 | https://cdn.shopify.com/s/files/1/0712/5159/1221/files/blaze_brown-07.jpg?v=1783436969 | https://cdn.shopify.com/s/files/1/0712/5159/1221/files/seasand_ivory_black-07.jpg?v=1783436970 | https://cdn.shopify.com/s/files/1/0712/5159/1221/files/gloss_white_rose_gold-07.jpg?v=1783436969 | https://cdn.shopify.com/s/files/1/0712/5159/1221/files/900_gloss_white_rose_gold-06.jpg?v=1783436969 | https://cdn.shopify.com/s/files/1/0712/5159/1221/files/renesahalowhiterg1400mm_1.jpg?v=1783436970 | https://cdn.shopify.com/s/files/1/0712/5159/1221/files/renesahalo600mmwhiterg_1.jpg?v=1783436969 | https://cdn.shopify.com/s/files/1/0712/5159/1221/files/artboard_10_2_992aa18d-ad72-4e5e-b02f-4706bb938a22.png?v=1784204718 | https://cdn.shopify.com/s/files/1/0712/5159/1221/files/artboard_10_1_6ad9a4a4-51db-48e3-9cf2-27e0a4306b8a.png?v=1784205846,2026-07-07T20:39:24+05:30,2026-09-08T08:56:53+05:30
Atomberg,Renesa Elite,Ceiling Fans,"1200 mm Ceiling Fans, 1400 mm Ceiling Fans, 600 mm Ceiling Fans, 900 mm Ceiling Fans, All Fans, Bedroom Ceiling Fans, Ceiling Fans, Living Room Ceiling Fans, Premium Fans, Sleek Fans, Smart Fans",atomberg-renesa-elite-bldc-motor-3-blade-ceiling-fan,https://atomberg.com/products/atomberg-renesa-elite-bldc-motor-3-blade-ceiling-fan,4599.0,5699.0,"Color, Sweep Size, Fan Type",Sand Grey/1200mm/Elite Smart :: SKU=FG1036 :: ₹4999.00 | Sand Grey/600mm/Elite Smart :: SKU=FG1069 :: ₹4799.00 | Sand Grey/900mm/Elite Smart :: SKU=FG0793 :: ₹4899.00 | Sand Grey/1400mm/Elite Smart :: SKU=FG1057 :: ₹5199.00 | Pearl White/1200mm/Elite Smart :: SKU=FG1033 :: ₹4999.00 | Pearl White/600mm/Elite Smart :: SKU=FG1066 :: ₹4799.00 | Pearl White/900mm/Elite Smart :: SKU=FG1060 :: ₹4899.00 | Pearl White/1400mm/Elite Smart :: SKU=FG1054 :: ₹5199.00 | Golden Oakwood/1200mm/Elite Smart :: SKU=FG1037 :: ₹5499.00 | Golden Oakwood/600mm/Elite Smart :: SKU=FG1070 :: ₹5299.00 | Golden Oakwood/900mm/Elite Smart :: SKU=FG0805 :: ₹5399.00 | Golden Oakwood/1400mm/Elite Smart :: SKU=FG1058 :: ₹5699.00 | Dark Walnut/1200mm/Elite Smart :: SKU=FG1038 :: ₹5499.00 | Dark Walnut/600mm/Elite Smart :: SKU=FG1071 :: ₹5299.00 | Dark Walnut/900mm/Elite Smart :: SKU=FG1065 :: ₹5399.00 | Dark Walnut/1400mm/Elite Smart :: SKU=FG1059 :: ₹5699.00 | Earth Brown/1200mm/Elite Smart :: SKU=FG0640 :: ₹4999.00 | Earth Brown/600mm/Elite Smart :: SKU=FG1067 :: ₹4799.00 | Earth Brown/900mm/Elite Smart :: SKU=FG0790 :: ₹4899.00 | Earth Brown/1400mm/Elite Smart :: SKU=FG1055 :: ₹5199.00 | Regal Indigo/1200mm/Elite Smart :: SKU=FG1035 :: ₹4999.00 | Midnight Black/1200mm/Elite :: SKU=FG1040 :: ₹4599.00 | Ritz Blue/1200mm/Elite Smart :: SKU=FG0700 :: ₹4999.00 | Ritz Blue/600mm/Elite Smart :: SKU=FG1068 :: ₹4799.00 | Ritz Blue/900mm/Elite Smart :: SKU=FG1062 :: ₹4899.00 | Ritz Blue/1400mm/Elite Smart :: SKU=FG1056 :: ₹5199.00 | Pebble Grey/1200mm/Elite :: SKU=FG1041 :: ₹4599.00 | Snow White/1200mm/Elite :: SKU=FG1039 :: ₹4599.00 | Blaze Brown/1200mm/Elite :: SKU=FG1042 :: ₹4599.00 | Pearl White: Pearl White Ring/1200mm/Elite Smart :: SKU=FG0981 :: ₹4699.00 | Pearl White: Fiona Copper Ring/1200mm/Elite Smart :: SKU=FG0982 :: ₹4699.00 | Pearl White: Aurora Green Ring/1200mm/Elite Smart :: SKU=FG0983 :: ₹4699.00,32,https://cdn.shopify.com/s/files/1/0712/5159/1221/files/renesa_elite_rsand_grey-07900.jpg?v=1783436936 | https://cdn.shopify.com/s/files/1/0712/5159/1221/files/renesa-elite_sand-grey.jpg?v=1783436935 | https://cdn.shopify.com/s/files/1/0712/5159/1221/files/renesa_elite_rsand_grey-07.jpg?v=1783436936 | https://cdn.shopify.com/s/files/1/0712/5159/1221/files/renesa-elite_rsand-grey_1.jpg?v=1783436936 | https://cdn.shopify.com/s/files/1/0712/5159/1221/files/renesa_elite_earth_brown-07_2.jpg?v=1783436935 | https://cdn.shopify.com/s/files/1/0712/5159/1221/files/renesa-elite_earth-brown.jpg?v=1783436935 | https://cdn.shopify.com/s/files/1/0712/5159/1221/files/renesa_elite_earth_brown-07_1.jpg?v=1783436936 | https://cdn.shopify.com/s/files/1/0712/5159/1221/files/renesa-elite_earth-brown_1.jpg?v=1783436935 | https://cdn.shopify.com/s/files/1/0712/5159/1221/files/renesa_elite_pearl_white_gloss-07_1.jpg?v=1783436935 | https://cdn.shopify.com/s/files/1/0712/5159/1221/files/renesa-elite_pearl-white-gloss.jpg?v=1783436935 | https://cdn.shopify.com/s/files/1/0712/5159/1221/files/renesa_elite_pearl_white_gloss-07_2.jpg?v=1783436935 | https://cdn.shopify.com/s/files/1/0712/5159/1221/files/renesa-elite_pearl-white-gloss_1.jpg?v=1783436935 | https://cdn.shopify.com/s/files/1/0712/5159/1221/files/renesa-elite_golden-oakwood_1.jpg?v=1783436935 | https://cdn.shopify.com/s/files/1/0712/5159/1221/files/renesa_elite_golden_oakwood-07900.jpg?v=1783436936 | https://cdn.shopify.com/s/files/1/0712/5159/1221/files/renesa_elite_golden_oakwood-07_1_1.jpg?v=1783436936 | https://cdn.shopify.com/s/files/1/0712/5159/1221/files/renesa_elite_golden_oakwood-07_1.jpg?v=1783436936 | https://cdn.shopify.com/s/files/1/0712/5159/1221/files/export-07.jpg?v=1783436935 | https://cdn.shopify.com/s/files/1/0712/5159/1221/files/renesa_elite_dark_walnut-07_1.jpg?v=1783436936 | https://cdn.shopify.com/s/files/1/0712/5159/1221/files/renesa_elite_dark_walnut-07_2.jpg?v=1783436935 | https://cdn.shopify.com/s/files/1/0712/5159/1221/files/renesa-elite_dark-walnut.jpg?v=1783436935 | https://cdn.shopify.com/s/files/1/0712/5159/1221/files/renesa-elite_dark-walnut_1.jpg?v=1783436936 | https://cdn.shopify.com/s/files/1/0712/5159/1221/files/renesa_elite_pebble_grey-07.jpg?v=1783436935 | https://cdn.shopify.com/s/files/1/0712/5159/1221/files/renesa_elite_snow_white-07.jpg?v=1783436936 | https://cdn.shopify.com/s/files/1/0712/5159/1221/files/renesa_elite_blaze_brown-07.jpg?v=1783436936 | https://cdn.shopify.com/s/files/1/0712/5159/1221/files/renesa_elite_ritz_blue_matte-07_2.jpg?v=1783436936 | https://cdn.shopify.com/s/files/1/0712/5159/1221/files/renesa-elite_ritz-blue-matte_1.jpg?v=1783436936 | https://cdn.shopify.com/s/files/1/0712/5159/1221/files/renesa_elite_ritz_blue_matte-07_1.jpg?v=1783436936 | https://cdn.shopify.com/s/files/1/0712/5159/1221/files/renesa-elite_ritz-blue.jpg?v=1783436936 | https://cdn.shopify.com/s/files/1/0712/5159/1221/files/renesa_elite_smart_1200_pw_white_ring_22_oct_2.png?v=1783436936 | https://cdn.shopify.com/s/files/1/0712/5159/1221/files/renesa_elite_smart_1200_pw_copper_ring_22_oct_1.png?v=1783436935 | https://cdn.shopify.com/s/files/1/0712/5159/1221/files/renesa_elite_smart_1200_pw_green_ring_22_oct_2.png?v=1783436936 | https://cdn.shopify.com/s/files/1/0712/5159/1221/files/artboard_10_3_2.png?v=1786979466,2026-07-07T20:38:51+05:30,2026-09-08T08:56:53+05:30
Atomberg,Aris Contour Smart Ceiling Fan,Ceiling Fans,"1200 mm Ceiling Fans, 900 mm Ceiling Fans, All Fans, Aris Ceiling Fan Series, Bedroom Ceiling Fans, BLDC Ceiling Fans, Ceiling Fans, Living Room Ceiling Fans, Premium Fans, Smart Fans",aris-countour-ceiling-fan,https://atomberg.com/products/aris-countour-ceiling-fan,7099.0,8099.0,"Color, Sweep Size",Marble White/1200mm :: SKU=FG1179 :: ₹7099.00 | Marble White/900mm :: SKU=FG0925 :: ₹7099.00 | Regent Grey/1200mm :: SKU=FG1181 :: ₹7099.00 | Regent Grey/900mm :: SKU=FG0927 :: ₹7099.00 | Umber Brown/1200mm :: SKU=FG1183 :: ₹7099.00 | Midnight Black/1200mm :: SKU=FG1180 :: ₹7099.00 | Smoke Wood/1200mm :: SKU=FG1262 :: ₹8099.00,7,https://cdn.shopify.com/s/files/1/0712/5159/1221/files/aris_contour-_1200-_brown-03_feb_1.jpg?v=1783436908 | https://cdn.shopify.com/s/files/1/0712/5159/1221/files/aris_contour-_1200-_white-03_feb_1.jpg?v=1783436907 | https://cdn.shopify.com/s/files/1/0712/5159/1221/files/aris_contour-_900-_white-03_feb_1.png?v=1783436907 | https://cdn.shopify.com/s/files/1/0712/5159/1221/files/aris_contour-_1200-_black-03_feb_1.jpg?v=1783436908 | https://cdn.shopify.com/s/files/1/0712/5159/1221/files/aris_contour-_1200-grey-03_feb_1.jpg?v=1783436907 | https://cdn.shopify.com/s/files/1/0712/5159/1221/files/aris_contour-_900-grey-03_feb_1.png?v=1783436907 | https://cdn.shopify.com/s/files/1/0712/5159/1221/files/1a.png?v=1783483046,2026-07-07T20:38:25+05:30,2026-09-08T08:56:53+05:30
Atomberg,Efficio Alpha Ceiling Fan,Ceiling Fans,"1200 mm Ceiling Fans, All Fans, Bedroom Ceiling Fans, BLDC Ceiling Fans, Ceiling Fans, Classic Fans, Living Room Ceiling Fans",shop-ceiling-fans-atomberg-efficio-alpha-bldc-motor-with-remote-3-blade-ceiling-fan,https://atomberg.com/products/shop-ceiling-fans-atomberg-efficio-alpha-bldc-motor-with-remote-3-blade-ceiling-fan,2849.0,2849.0,"Color, Sweep Size",Gloss Black/1200mm :: SKU=FG0455 :: ₹2849.00 | Gloss Brown/1200mm :: SKU=FG0456 :: ₹2849.00 | Gloss White/1200mm :: SKU=FG0454 :: ₹2849.00 | Pebble Grey/1200mm :: SKU=FG1001 :: ₹2849.00 | Seasand Ivory/1200mm :: SKU=FG0666 :: ₹2849.00,5,https://cdn.shopify.com/s/files/1/0712/5159/1221/files/efficioalpha_gb_pli_6.jpg?v=1783436841 | https://cdn.shopify.com/s/files/1/0712/5159/1221/files/brown_efficio_alpha_pli-06.jpg?v=1783436841 | https://cdn.shopify.com/s/files/1/0712/5159/1221/files/white_efficio_alpha_pli-06.jpg?v=1783436841 | https://cdn.shopify.com/s/files/1/0712/5159/1221/files/efficio_alpha_1200_grey_25_aug_6.jpg?v=1783436841 | https://cdn.shopify.com/s/files/1/0712/5159/1221/files/ivory_efficio_alpha_pli-06.jpg?v=1783436841,2026-07-07T20:37:19+05:30,2026-09-08T08:56:53+05:30
Atomberg,Renesa Enzel,Ceiling Fans,"1200 mm Ceiling Fans, 1400 mm Ceiling Fans, 600 mm Ceiling Fans, 900 mm Ceiling Fans, All Fans, Bedroom Ceiling Fans, Ceiling Fans, Living Room Ceiling Fans, Renesa Series Ceiling Fans, Sleek Fans",atomberg-renesa-enzel-bldc-motor-3-blade-ceiling-fan,https://atomberg.com/products/atomberg-renesa-enzel-bldc-motor-3-blade-ceiling-fan,3649.0,4549.0,"Color, Sweep Size",Gloss Black/1200mm :: SKU=FG1195 :: ₹3849.00 | Gloss Black/600mm :: SKU=FG1167 :: ₹3649.00 | Gloss Black/900mm :: SKU=FG1190 :: ₹3749.00 | Gloss Black/1400mm :: SKU=FG1203 :: ₹4049.00 | Gloss White/1200mm :: SKU=FG1194 :: ₹3849.00 | Gloss White/600mm :: SKU=FG1166 :: ₹3649.00 | Gloss White/900mm :: SKU=FG1188 :: ₹3749.00 | Gloss White/1400mm :: SKU=FG1202 :: ₹4049.00 | Pebble Grey/1200mm :: SKU=FG1201 :: ₹3849.00 | Pebble Grey/600mm :: SKU=FG1169 :: ₹3649.00 | Pebble Grey/900mm :: SKU=FG1192 :: ₹3749.00 | Pebble Grey/1400mm :: SKU=FG0944 :: ₹4049.00 | Honey Maplewood/1200mm :: SKU=FG1199 :: ₹4349.00 | Honey Maplewood/600mm :: SKU=FG1168 :: ₹4149.00 | Honey Maplewood/900mm :: SKU=FG1191 :: ₹4249.00 | Honey Maplewood/1400mm :: SKU=FG1204 :: ₹4549.00 | Gloss Brown/1200mm :: SKU=FG1196 :: ₹3849.00 | Gloss Seasand Ivory/1200mm :: SKU=FG1197 :: ₹3849.00 | Dark Walnut/1200mm :: SKU=FG1198 :: ₹4349.00 | Misty Teal/1200mm :: SKU=FG1200 :: ₹3849.00,20,https://cdn.shopify.com/s/files/1/0712/5159/1221/files/atom001_renesa_enzel_plis_gloss_black_1200mm_aw-06.jpg?v=1783436830 | https://cdn.shopify.com/s/files/1/0712/5159/1221/files/renesa_enzel_600mm_black_pli_09_jan_3.jpg?v=1783436829 | https://cdn.shopify.com/s/files/1/0712/5159/1221/files/renesa_enzel_1400_black_22-aug_6.jpg?v=1783436830 | https://cdn.shopify.com/s/files/1/0712/5159/1221/files/renesa_enzel_900_black_22_aug_6.jpg?v=1783436829 | https://cdn.shopify.com/s/files/1/0712/5159/1221/files/atom001_renesa_enzel_plis_gloss_brown_1200mm-06.jpg?v=1783436829 | https://cdn.shopify.com/s/files/1/0712/5159/1221/files/renesa_enzel_600mm_white_pli_09_jan_3.jpg?v=1783436829 | https://cdn.shopify.com/s/files/1/0712/5159/1221/files/renesa_enzel_1400_white_22-aug_6.jpg?v=1783436830 | https://cdn.shopify.com/s/files/1/0712/5159/1221/files/renesa_enzel_900_white_22_aug_6.jpg?v=1783436829 | https://cdn.shopify.com/s/files/1/0712/5159/1221/files/atom001_renesa_enzel_plis_gloss_white_1200mm-06.jpg?v=1783436829 | https://cdn.shopify.com/s/files/1/0712/5159/1221/files/atom001_renesa_enzel_plis_seasand_ivory_1200mm-06.jpg?v=1783436829 | https://cdn.shopify.com/s/files/1/0712/5159/1221/files/enzel_plis-06.jpg?v=1783436829 | https://cdn.shopify.com/s/files/1/0712/5159/1221/files/atom001_renesa_enzel_plis_misty_teal_1200mm-06.jpg?v=1783436829 | https://cdn.shopify.com/s/files/1/0712/5159/1221/files/renesa_enzel_900_grey_22_aug_6.jpg?v=1783436830 | https://cdn.shopify.com/s/files/1/0712/5159/1221/files/atom001_renesa_enzel_plis_pebble_grey_1200mm-06.jpg?v=1783436830 | https://cdn.shopify.com/s/files/1/0712/5159/1221/files/renesa_enzel_1400_grey_22-aug_6.jpg?v=1783436829 | https://cdn.shopify.com/s/files/1/0712/5159/1221/files/renesa_enzel_600mm_grey_pli_09_jan_6.jpg?v=1783436829 | https://cdn.shopify.com/s/files/1/0712/5159/1221/files/renesa_enzel_900_maplewood_22_aug_6.jpg?v=1783436830 | https://cdn.shopify.com/s/files/1/0712/5159/1221/files/atom001_renesa_enzel_plis_honey_maplewood_1200mm-06.jpg?v=1783436830 | https://cdn.shopify.com/s/files/1/0712/5159/1221/files/renesa_enzel_1400_maplewood_22-aug_6.jpg?v=1783436829 | https://cdn.shopify.com/s/files/1/0712/5159/1221/files/renesa_enzel_600mm_maplewood_pli_09_jan_2.jpg?v=1783436830,2026-07-07T20:37:04+05:30,2026-09-08T08:56:53+05:30
Atomberg,Renesa Prime,Ceiling Fans,"1200 mm Ceiling Fans, 1400 mm Ceiling Fans, 600 mm Ceiling Fans, 900 mm Ceiling Fans, All Fans, Bedroom Ceiling Fans, Ceiling Fans, Living Room Ceiling Fans, Regulator Fans, Renesa Series Ceiling Fans, Sleek Fans",atomberg-renesa-prime-bldc-motor-3-blade-ceiling-fan,https://atomberg.com/products/atomberg-renesa-prime-bldc-motor-3-blade-ceiling-fan,3499.0,4549.0,"Color, Sweep Size, Fan Type",Gloss Black/1200mm/Remote :: SKU=FG1095 :: ₹3849.00 | Gloss Black/1200mm/Regulator :: SKU=FG1099 :: ₹3699.00 | Gloss Black/600mm/Remote :: SKU=FG1085 :: ₹3649.00 | Gloss Black/600mm/Regulator :: SKU=FG1236 :: ₹3499.00 | Gloss Black/900mm/Remote :: SKU=FG1072 :: ₹3749.00 | Gloss Black/900mm/Regulator :: SKU=FG1265 :: ₹3599.00 | Gloss Black/1400mm/Remote :: SKU=FG1141 :: ₹4049.00 | Gloss White/1200mm/Remote :: SKU=FG1080 :: ₹3849.00 | Gloss White/1200mm/Regulator :: SKU=FG1103 :: ₹3699.00 | Gloss White/600mm/Remote :: SKU=FG1084 :: ₹3649.00 | Gloss White/600mm/Regulator :: SKU=FG1237 :: ₹3499.00 | Gloss White/900mm/Remote :: SKU=FG1075 :: ₹3749.00 | Gloss White/900mm/Regulator :: SKU=FG1266 :: ₹3599.00 | Gloss White/1400mm/Remote :: SKU=FG1081 :: ₹4049.00 | Pebble Grey/1200mm/Remote :: SKU=FG1098 :: ₹3849.00 | Pebble Grey/600mm/Remote :: SKU=FG1086 :: ₹3649.00 | Pebble Grey/900mm/Remote :: SKU=FG1079 :: ₹3749.00 | Pebble Grey/1400mm/Remote :: SKU=FG1083 :: ₹4049.00 | Honey Maplewood/1200mm/Remote :: SKU=FG1269 :: ₹4349.00 | Honey Maplewood/1200mm/Regulator :: SKU=FG1104 :: ₹4199.00 | Honey Maplewood/600mm/Remote :: SKU=FG1087 :: ₹4149.00 | Honey Maplewood/600mm/Regulator :: SKU=FG1261 :: ₹3999.00 | Honey Maplewood/900mm/Remote :: SKU=FG1078 :: ₹4249.00 | Honey Maplewood/900mm/Regulator :: SKU=FG1267 :: ₹4099.00 | Honey Maplewood/1400mm/Remote :: SKU=FG1082 :: ₹4549.00 | Gloss Seasand Ivory/1200mm/Remote :: SKU=FG1097 :: ₹3849.00 | Gloss Seasand Ivory/1200mm/Regulator :: SKU=FG1105 :: ₹3699.00 | Gloss Seasand Ivory/900mm/Remote :: SKU=FG1338 :: ₹3749.00 | Dark Walnut/1200mm/Remote :: SKU=FG1074 :: ₹4349.00 | Gloss Brown/1200mm/Remote :: SKU=FG1270 :: ₹3849.00 | Gloss Brown/1200mm/Regulator :: SKU=FG1101 :: ₹3699.00 | Misty Teal/1200mm/Remote :: SKU=FG1077 :: ₹3849.00,32,https://cdn.shopify.com/s/files/1/0712/5159/1221/files/renesa_prime_remote_600_black_pli_14_oct_1.png?v=1783436780 | https://cdn.shopify.com/s/files/1/0712/5159/1221/files/renesa_prime_remote_1400_black_22_aug_1.jpg?v=1783436781 | https://cdn.shopify.com/s/files/1/0712/5159/1221/files/1_1_3.jpg?v=1783436781 | https://cdn.shopify.com/s/files/1/0712/5159/1221/files/renesa_prime_remote_900_black_22_aug_5.jpg?v=1783436780 | https://cdn.shopify.com/s/files/1/0712/5159/1221/files/renesa_pr_rg_600_gb_2.png?v=1783436780 | https://cdn.shopify.com/s/files/1/0712/5159/1221/files/renesa_pr_rg_900_gb_1.jpg?v=1783436781 | https://cdn.shopify.com/s/files/1/0712/5159/1221/files/atom001_renesa_prime_remote_plis_gloss_black_1200mm_aw-05.jpg?v=1783436780 | https://cdn.shopify.com/s/files/1/0712/5159/1221/files/1_1_5.jpg?v=1783436781 | https://cdn.shopify.com/s/files/1/0712/5159/1221/files/atom001_renesa_prime_remote_plis_gloss_brown_1200mm-06.jpg?v=1783436780 | https://cdn.shopify.com/s/files/1/0712/5159/1221/files/atom001_renesa_prime_remote_plis_gloss_white_1200mm-06.jpg?v=1783436781 | https://cdn.shopify.com/s/files/1/0712/5159/1221/files/renesa_pr_rg_900_gw_1.jpg?v=1783436781 | https://cdn.shopify.com/s/files/1/0712/5159/1221/files/renesa_prime_remote_900_white_22_aug_5.jpg?v=1783436781 | https://cdn.shopify.com/s/files/1/0712/5159/1221/files/1_1_9.jpg?v=1783436781 | https://cdn.shopify.com/s/files/1/0712/5159/1221/files/renesa_prime_remote_1400_white_22_aug_5.jpg?v=1783436781 | https://cdn.shopify.com/s/files/1/0712/5159/1221/files/renesa_pr_rg_600_gw_2.png?v=1783436780 | https://cdn.shopify.com/s/files/1/0712/5159/1221/files/renesa_prime_remote_600_white_pli_14_oct_1.png?v=1783436780 | https://cdn.shopify.com/s/files/1/0712/5159/1221/files/atom001_renesa_prime_remote_plis_seasand_ivory_1200mm-06.jpg?v=1783436780 | https://cdn.shopify.com/s/files/1/0712/5159/1221/files/atom001_renesa_prime_remote_pli_dark_walnut_5.jpg?v=1783436781 | https://cdn.shopify.com/s/files/1/0712/5159/1221/files/atom001_renesa_prime_remote_plis_misty_teal_1200mm-06.jpg?v=1783436781 | https://cdn.shopify.com/s/files/1/0712/5159/1221/files/atom001_renesa_prime_remote_plis_pebble_grey_1200mm-06.jpg?v=1783436780 | https://cdn.shopify.com/s/files/1/0712/5159/1221/files/renesa_prime_remote_900_grey_22_aug_5.jpg?v=1783436780 | https://cdn.shopify.com/s/files/1/0712/5159/1221/files/renesa_prime_remote_1400_grey_22_aug_5.jpg?v=1783436781 | https://cdn.shopify.com/s/files/1/0712/5159/1221/files/renesa_prime_remote_600_grey_pli_14_oct_1.png?v=1783436781 | https://cdn.shopify.com/s/files/1/0712/5159/1221/files/renesa_prime_remote_900_honey_mw_22_aug_5.jpg?v=1783436780 | https://cdn.shopify.com/s/files/1/0712/5159/1221/files/renesa_prime_remote_600_honey_mw_pli_14_oct_1.png?v=1783436780 | https://cdn.shopify.com/s/files/1/0712/5159/1221/files/renesa_prime_remote_1400_maplewood_22_aug_5.jpg?v=1783436781 | https://cdn.shopify.com/s/files/1/0712/5159/1221/files/renesa_prime_homey_maplewood_1200_14-08_1.jpg?v=1783436780 | https://cdn.shopify.com/s/files/1/0712/5159/1221/files/atom001_renesa_prime_remote_plis_honey_maplewood_1200mm-06.jpg?v=1783436781 | https://cdn.shopify.com/s/files/1/0712/5159/1221/files/1_1_7.jpg?v=1783436781 | https://cdn.shopify.com/s/files/1/0712/5159/1221/files/renesa_pr_rg_600_hmw_2.png?v=1783436781 | https://cdn.shopify.com/s/files/1/0712/5159/1221/files/renesa_pr_rg_900_hmw_2.png?v=1783436780 | https://cdn.shopify.com/s/files/1/0712/5159/1221/files/050.png?v=1786979595,2026-07-07T20:36:16+05:30,2026-09-08T08:56:53+05:30
Atomberg,Aris Smart Ceiling Fan,Ceiling Fans,"1200 mm Ceiling Fans, 1400 MM Ceiling Fans, 900 mm Ceiling Fans, All Fans, Aris Ceiling Fan Series, Bedroom Ceiling Fans, BLDC Ceiling Fans, Ceiling Fans, Living Room Ceiling Fans, Premium Fans, Smart Fans, Underlight Fans",aris-ceiling-fan,https://atomberg.com/products/aris-ceiling-fan,7199.0,11449.0,"Color, Sweep Size, Fan Type",Sand Grey/1200mm/Aris Gladius :: SKU=FG1185 :: ₹7199.00 | Sand Grey/900mm/Aris Gladius :: SKU=FG0964 :: ₹7199.00 | Pearl White/1200mm/Aris Gladius :: SKU=FG1184 :: ₹7199.00 | Pearl White/900mm/Aris Gladius :: SKU=FG0963 :: ₹7199.00 | Dark Teakwood/1200mm/Aris Starlight :: SKU=FG1173 :: ₹10999.00 | Dark Teakwood/1200mm/Aris :: SKU=FG0359 :: ₹10249.00 | Dark Teakwood/900mm/Aris Starlight :: SKU=FG1171 :: ₹10999.00 | Dark Teakwood/1400mm/Aris Starlight :: SKU=FG0966 :: ₹11449.00 | Marble White/1200mm/Aris Starlight :: SKU=FG1172 :: ₹8999.00 | Marble White/900mm/Aris Starlight :: SKU=FG1170 :: ₹8999.00 | Marble White/1400mm/Aris Starlight :: SKU=FG0965 :: ₹9449.00 | Umber Brown/1200mm/Aris Starlight :: SKU=FG1176 :: ₹8999.00 | Stellar Black/1200mm/Aris Starlight :: SKU=FG1174 :: ₹8999.00 | Tuscan Gold/1200mm/Aris Starlight :: SKU=FG1175 :: ₹8999.00,14,https://cdn.shopify.com/s/files/1/0712/5159/1221/files/aris_starlight_1200_ub_25_mar_1.png?v=1783436749 | https://cdn.shopify.com/s/files/1/0712/5159/1221/files/aris_gladius_900_sg_pli_09_mar_5__1.png?v=1783436749 | https://cdn.shopify.com/s/files/1/0712/5159/1221/files/aris_gladius_900_sg_pli_09_mar_1.png?v=1783436749 | https://cdn.shopify.com/s/files/1/0712/5159/1221/files/aris_gladius_900_pw_pli_09_mar_2__1_1.png?v=1783436749 | https://cdn.shopify.com/s/files/1/0712/5159/1221/files/aris_gladius_900_pw_pli_09_mar_1__1.png?v=1783436749 | https://cdn.shopify.com/s/files/1/0712/5159/1221/files/aris_starlight_1200_dtw_25_mar_1.png?v=1783436748 | https://cdn.shopify.com/s/files/1/0712/5159/1221/files/aris_1200_mm_dark_teakwood__01_dec_2.png?v=1783436748 | https://cdn.shopify.com/s/files/1/0712/5159/1221/files/aris_starlight_900_dtw_25_mar_2.png?v=1783436749 | https://cdn.shopify.com/s/files/1/0712/5159/1221/files/aris_starlight_1400_mm_teakwood_pli_20_jan_1.jpg?v=1783436749 | https://cdn.shopify.com/s/files/1/0712/5159/1221/files/aris_starlight_1200_mw_25_mar_1.png?v=1783436749 | https://cdn.shopify.com/s/files/1/0712/5159/1221/files/aris_starlight_900_mw_25_mar_1.png?v=1783436749 | https://cdn.shopify.com/s/files/1/0712/5159/1221/files/aris_starlight_1400_mm_white_pli_20_jan_1.jpg?v=1783436749 | https://cdn.shopify.com/s/files/1/0712/5159/1221/files/aris_starlight_1200_sb_25_mar_1.png?v=1783436749 | https://cdn.shopify.com/s/files/1/0712/5159/1221/files/aris_starlight_1200_tg_25_mar_1.png?v=1783436749,2026-07-07T20:35:45+05:30,2026-09-08T08:56:53+05:30
Atomberg,Studio Smart+ Ceiling Fan,Appliance,,studio-smart-ceiling-fan-1,https://atomberg.com/products/studio-smart-ceiling-fan-1,5799.0,5799.0,"Color, Sweep Size",Earth Brown/1200mm :: SKU=FG0374 :: ₹5799.00 | Marble White/1200mm :: SKU=FG0375 :: ₹5799.00,2,https://cdn.shopify.com/s/files/1/0712/5159/1221/files/earth_brown_smart_1200-2.jpg?v=1783436732 | https://cdn.shopify.com/s/files/1/0712/5159/1221/files/studio_smart_marble_white_1200-2.jpg?v=1783436732,2026-07-07T20:35:29+05:30,2026-09-08T08:56:53+05:30
Atomberg,Renesa Wall Fan,Wall Fans,"Renesa Series, Wall Fans",renesa-wall-mounted-fan,https://atomberg.com/products/renesa-wall-mounted-fan,3699.0,3699.0,"Color, Sweep Size",Midnight Black/400mm :: SKU=FG0215 :: ₹3699.00 | Snow White/400mm :: SKU=FG0214 :: ₹3699.00,2,https://cdn.shopify.com/s/files/1/0712/5159/1221/files/renesa_wall_fan_plis_1_1_1.jpg?v=1783436705 | https://cdn.shopify.com/s/files/1/0712/5159/1221/files/renesa_wall_fan_plis_1_1.jpg?v=1783436705,2026-07-07T20:35:03+05:30,2026-09-08T08:56:53+05:30
Atomberg,Ameza Ceiling Fan,Ceiling Fans,"1200 mm Ceiling Fans, All Fans, Ameza Series Ceiling Fans, Bedroom Ceiling Fans, BLDC Ceiling Fans, Ceiling Fans, Classic Fans, Living Room Ceiling Fans",shop-ceiling-fans-atomberg-ameza-bldc-motor-with-remote-3-blade-ceiling-fan-2,https://atomberg.com/products/shop-ceiling-fans-atomberg-ameza-bldc-motor-with-remote-3-blade-ceiling-fan-2,2699.0,2699.0,"Color, Sweep Size",Black/1200mm :: SKU=FG0354 :: ₹2699.00 | White/1200mm :: SKU=FG0353 :: ₹2699.00 | Gloss Brown/1200mm :: SKU=FG0355 :: ₹2699.00 | Seasand Ivory/1200mm :: SKU=FG0665 :: ₹2699.00,4,https://cdn.shopify.com/s/files/1/0712/5159/1221/files/01_black_1_1.jpg?v=1783436698 | https://cdn.shopify.com/s/files/1/0712/5159/1221/files/06.jpg?v=1783436697 | https://cdn.shopify.com/s/files/1/0712/5159/1221/files/01_gb_1.jpg?v=1783436697 | https://cdn.shopify.com/s/files/1/0712/5159/1221/files/01_si.jpg?v=1783436697,2026-07-07T20:34:55+05:30,2026-09-08T08:56:53+05:30
Atomberg,Ikano Ceiling Fan,Ceiling Fans,"1200 mm Ceiling Fans, 1400 mm Ceiling Fans, 600 mm Ceiling Fans, 900 mm Ceiling Fans, All Fans, Bedroom Ceiling Fans, BLDC Ceiling Fans, Ceiling Fans, Classic Fans, Ikano Series Ceiling Fans, Large Fans, Living Room Ceiling Fans",shop-ceiling-fans-atomberg-ikano-bldc-motor-with-remote-3-blade-ceiling-fan-1,https://atomberg.com/products/shop-ceiling-fans-atomberg-ikano-bldc-motor-with-remote-3-blade-ceiling-fan-1,2899.0,3249.0,"Color, Sweep Size",Gloss Brown/1200mm :: SKU=FG0232 :: ₹3249.00 | Gloss Brown/650mm :: SKU=FG0974 :: ₹2899.00 | Gloss Brown/900mm :: SKU=FG1125 :: ₹2999.00 | Gloss Brown/1400mm :: SKU=FG0413 :: ₹3249.00 | Gloss Black/1200mm :: SKU=FG0231 :: ₹3249.00 | Gloss Black/650mm :: SKU=FG0973 :: ₹2899.00 | Gloss Black/900mm :: SKU=FG1126 :: ₹2999.00 | Gloss Black/1400mm :: SKU=FG0412 :: ₹3249.00 | Gloss White/1200mm :: SKU=FG0230 :: ₹3249.00 | Gloss White/650mm :: SKU=FG0960 :: ₹2899.00 | Gloss White/900mm :: SKU=FG0407 :: ₹2999.00 | Gloss White/1400mm :: SKU=FG0411 :: ₹3249.00 | Gloss Ivory/1200mm :: SKU=FG0664 :: ₹3249.00 | Gloss Ivory/900mm :: SKU=FG1117 :: ₹2999.00 | Gloss Ivory/1400mm :: SKU=FG0672 :: ₹3249.00 | Pebble Grey/1200mm :: SKU=FG0526 :: ₹3249.00,16,https://cdn.shopify.com/s/files/1/0712/5159/1221/files/01_ikano1200_black.jpg?v=1783436683 | https://cdn.shopify.com/s/files/1/0712/5159/1221/files/01_ikano_900.jpg?v=1783436684 | https://cdn.shopify.com/s/files/1/0712/5159/1221/files/06_4.jpg?v=1783436683 | https://cdn.shopify.com/s/files/1/0712/5159/1221/files/ikano_650_black_25_aug_6.png?v=1783436683 | https://cdn.shopify.com/s/files/1/0712/5159/1221/files/01_ikano1200_gb_1.jpg?v=1783436683 | https://cdn.shopify.com/s/files/1/0712/5159/1221/files/06_2.jpg?v=1783436683 | https://cdn.shopify.com/s/files/1/0712/5159/1221/files/06_5.jpg?v=1783436683 | https://cdn.shopify.com/s/files/1/0712/5159/1221/files/ikano_650_brown_25_aug_6.png?v=1783436683 | https://cdn.shopify.com/s/files/1/0712/5159/1221/files/01_ikano1200_si.jpg?v=1783436683 | https://cdn.shopify.com/s/files/1/0712/5159/1221/files/ivory2_2.jpg?v=1783436684 | https://cdn.shopify.com/s/files/1/0712/5159/1221/files/ikano_1400_pli_ivory2.jpg?v=1783436683 | https://cdn.shopify.com/s/files/1/0712/5159/1221/files/01_ikano1200_white_1.jpg?v=1783436683 | https://cdn.shopify.com/s/files/1/0712/5159/1221/files/06_3.jpg?v=1783436683 | https://cdn.shopify.com/s/files/1/0712/5159/1221/files/06_6.jpg?v=1783436683 | https://cdn.shopify.com/s/files/1/0712/5159/1221/files/ikano_650_white_25_aug_6.png?v=1783436684 | https://cdn.shopify.com/s/files/1/0712/5159/1221/files/ikano_1200_mm_pebble_grey_19-08_6.jpg?v=1783436683,2026-07-07T20:34:39+05:30,2026-09-08T08:56:53+05:30
Atomberg,Fan Remote Control,Accessories,Accessories,fan-remote,https://atomberg.com/products/fan-remote,299.0,299.0,Title,Default Title :: SKU=A1X0601 :: ₹299.00,8,https://cdn.shopify.com/s/files/1/0712/5159/1221/files/remote_5__4.png?v=1783436635 | https://cdn.shopify.com/s/files/1/0712/5159/1221/files/remote_5__7.png?v=1783436634 | https://cdn.shopify.com/s/files/1/0712/5159/1221/files/remote_5__8.png?v=1783436634 | https://cdn.shopify.com/s/files/1/0712/5159/1221/files/artboard_1_copy_23-100.jpg?v=1783436634 | https://cdn.shopify.com/s/files/1/0712/5159/1221/files/remote_5__1.png?v=1783436634 | https://cdn.shopify.com/s/files/1/0712/5159/1221/files/remote_5__9.png?v=1783436634 | https://cdn.shopify.com/s/files/1/0712/5159/1221/files/remote_5__10.png?v=1783436634 | https://cdn.shopify.com/s/files/1/0712/5159/1221/files/unnamed.png?v=1783436634,2026-07-07T20:33:52+05:30,2026-09-08T08:56:53+05:30
Atomberg,Renesa Pedestal Fan,Pedestal Fans,"Pedestal Fans, Renesa series Pedestal Fans",atomberg-pedestal-fan-renesa-bldc-motor-energy-saving-pedestal-fan-400mm-with-remote-control,https://atomberg.com/products/atomberg-pedestal-fan-renesa-bldc-motor-energy-saving-pedestal-fan-400mm-with-remote-control,3699.0,3699.0,"Color, Sweep Size, Variant",Midnight Black/400mm/Swing :: SKU=FG0213 :: ₹3699.00 | Snow White/400mm/Swing :: SKU=FG0212 :: ₹3699.00,2,https://cdn.shopify.com/s/files/1/0712/5159/1221/files/renesa_pedestal_fan_plis_1_1.jpg?v=1783436574 | https://cdn.shopify.com/s/files/1/0712/5159/1221/files/renesa_pedestal_fan_plis_1_1_1.jpg?v=1783436574,2026-07-07T20:32:52+05:30,2026-09-08T08:56:53+05:30
Atomberg,Efficio Exhaust Fan,Exhaust Fans,"Efficio Series Exhaust Fans, Exhaust Fans",atomberg-efficio-energy-saving-exhaust-fan-with-bldc-motor,https://atomberg.com/products/atomberg-efficio-energy-saving-exhaust-fan-with-bldc-motor,1499.0,1649.0,"Color, Sweep Size",Black/150mm :: SKU=FG0483 :: ₹1499.00 | Umber Brown/150mm :: SKU=FG0484 :: ₹1499.00 | White/150mm :: SKU=FG0482 :: ₹1499.00 | Black/200mm :: SKU=FG0495 :: ₹1649.00 | Umber Brown/200mm :: SKU=FG0496 :: ₹1649.00 | White/200mm :: SKU=FG0494 :: ₹1649.00,6,https://cdn.shopify.com/s/files/1/0712/5159/1221/files/black_150_mm_efficio_exhaust_plis_1_1.jpg?v=1783436545 | https://cdn.shopify.com/s/files/1/0712/5159/1221/files/efficio_exhaust_plis_1_1.jpg?v=1783436545 | https://cdn.shopify.com/s/files/1/0712/5159/1221/files/brown_150_mm_efficio_exhaust_plis_1_1.jpg?v=1783436545 | https://cdn.shopify.com/s/files/1/0712/5159/1221/files/200_brown_efficio_exhaust_plis_1_1.jpg?v=1783436545 | https://cdn.shopify.com/s/files/1/0712/5159/1221/files/white_150_efficio_exhaust_plis_1_1.jpg?v=1783436545 | https://cdn.shopify.com/s/files/1/0712/5159/1221/files/white_efficio_exhaust_plis_1_1.jpg?v=1783436545,2026-07-07T20:32:22+05:30,2026-09-08T08:56:53+05:30
Atomberg,Studio+ Exhaust Fans,Exhaust Fans,"Exhaust Fans, Studio Series Exhaust Fan, Studio Series Exhaust Fans",atomberg-studio-plus-energy-saving-exhaust-fan-with-bldc-motor,https://atomberg.com/products/atomberg-studio-plus-energy-saving-exhaust-fan-with-bldc-motor,2099.0,2249.0,"Color, Sweep Size",Black/150mm :: SKU=FG0491 :: ₹2099.00 | White/150mm :: SKU=FG0490 :: ₹2099.00 | Brushed Steel/150mm :: SKU=FG0512 :: ₹2249.00,3,https://cdn.shopify.com/s/files/1/0712/5159/1221/files/studio_plus_exhaust_black_150_mm_plis_1_1__1.png?v=1783436536 | https://cdn.shopify.com/s/files/1/0712/5159/1221/files/studio_1.png?v=1783436536 | https://cdn.shopify.com/s/files/1/0712/5159/1221/files/studio_plus_exhaust_steel_150_mm_12_feb_plis_1.png?v=1783436536,2026-07-07T20:32:14+05:30,2026-09-08T08:56:53+05:30
Atomberg,Studio Exhaust Fan,Exhaust Fans,"Exhaust Fans, Studio Series Exhaust Fan",atomberg-studio-exhaust-fan-with-bldc-motor,https://atomberg.com/products/atomberg-studio-exhaust-fan-with-bldc-motor,1799.0,1899.0,"Color, Sweep Size",White/150mm :: SKU=FG0535 :: ₹1799.00 | Matte Black/150mm :: SKU=FG1305 :: ₹1899.00 | Gloss Black/150mm :: SKU=FG0379 :: ₹1799.00 | Gloss Brown/150mm :: SKU=FG0380 :: ₹1799.00 | Brushed Steel/150mm :: SKU=FG0381 :: ₹1899.00 | Dark Wood/150mm :: SKU=FG0489 :: ₹1899.00 | Orion Gold/150mm :: SKU=FG1400 :: ₹1899.00 | Brushed Rose Gold/150mm :: SKU=FG1401 :: ₹1899.00,8,https://cdn.shopify.com/s/files/1/0712/5159/1221/files/studio_exhaust_white_150_mm_plis_12_feb_1.jpg?v=1783436529 | https://cdn.shopify.com/s/files/1/0712/5159/1221/files/studio_matte_black_pli_03_04_1.png?v=1783436529 | https://cdn.shopify.com/s/files/1/0712/5159/1221/files/studio_exhaust_black_150_mm_plis_12_feb_1.jpg?v=1783436529 | https://cdn.shopify.com/s/files/1/0712/5159/1221/files/studio_exhaust_brown_150_mm_plis_12_feb_1.jpg?v=1783436529 | https://cdn.shopify.com/s/files/1/0712/5159/1221/files/studio_exhaust_steel_150_mm_plis_12_feb_1.jpg?v=1783436529 | https://cdn.shopify.com/s/files/1/0712/5159/1221/files/studio_exhaust_wooden_150_mm_plis_12_feb_1.jpg?v=1783436529 | https://cdn.shopify.com/s/files/1/0712/5159/1221/files/studio_exhaust_rose_gold_150_mm_plis_1_1.jpg?v=1783483118 | https://cdn.shopify.com/s/files/1/0712/5159/1221/files/studio_exhaust_gold_150_mm_plis_1_1.jpg?v=1783483118,2026-07-07T20:32:06+05:30,2026-09-08T08:56:53+05:30
Atomberg,Studio + Ceiling Fan,Ceiling Fans,"1200 mm Ceiling Fans, 900 mm Ceiling Fans, All Fans, Bedroom Ceiling Fans, BLDC Ceiling Fans, Ceiling Fans, Designer Fans, Living Room Ceiling Fans, Premium Fans, Studio Series Ceiling Fans",atomberg-studio-plus-bldc-motor-with-remote-3-blade-ceiling-fan,https://atomberg.com/products/atomberg-studio-plus-bldc-motor-with-remote-3-blade-ceiling-fan,5249.0,5249.0,"Color, Sweep Size, Fan Type",Sand Grey/950mm/Plus :: SKU=FG0801 :: ₹5249.00 | Earth Brown/950mm/Plus :: SKU=FG0802 :: ₹5249.00 | Marble White/950mm/Plus :: SKU=FG0803 :: ₹5249.00,3,https://cdn.shopify.com/s/files/1/0712/5159/1221/files/studio_950_sand_grey_19-08_6.png?v=1783436459 | https://cdn.shopify.com/s/files/1/0712/5159/1221/files/studio_950_earth_brown_19-08_6.png?v=1783436459 | https://cdn.shopify.com/s/files/1/0712/5159/1221/files/studio_950_marble_white_19-08_6.png?v=1783436459,2026-07-07T20:30:57+05:30,2026-09-08T08:56:53+05:30
Atomberg,Renesa + Ceiling Fan,Ceiling Fans,"600 mm Ceiling Fans, 900 mm Ceiling Fans, All Fans, Bedroom Ceiling Fans, BLDC Ceiling Fans, Ceiling Fans, Large Fans, Living Room Ceiling Fans, Premium Fans, Renesa Series Ceiling Fans, Sleek Fans, Small Fans",atomberg-renesa-plus-bldc-motor-with-remote-3-blade-ceiling-fan,https://atomberg.com/products/atomberg-renesa-plus-bldc-motor-with-remote-3-blade-ceiling-fan,4299.0,4299.0,"Color, Sweep Size",Earth Brown/600mm :: SKU=FG0650 :: ₹4299.00 | Pearl White/600mm :: SKU=FG0652 :: ₹4299.00,3,https://cdn.shopify.com/s/files/1/0712/5159/1221/files/sandgrey2.jpg?v=1783436435 | https://cdn.shopify.com/s/files/1/0712/5159/1221/files/brown2_1_1.jpg?v=1783436435 | https://cdn.shopify.com/s/files/1/0712/5159/1221/files/white2_1_2.jpg?v=1783436434,2026-07-07T20:30:32+05:30,2026-09-08T08:56:53+05:30
Atomberg,Renesa Ceiling Fan,Ceiling Fans,"600 mm Ceiling Fans, 900 mm Ceiling Fans, All Fans, Bedroom Ceiling Fans, BLDC Ceiling Fans, Ceiling Fans, Large Fans, Living Room Ceiling Fans, Renesa Series Ceiling Fans, Sleek Fans, Small Fans",shop-ceiling-fans-atomberg-renesa-bldc-motor-with-remote-3-blade-ceiling-fan,https://atomberg.com/products/shop-ceiling-fans-atomberg-renesa-bldc-motor-with-remote-3-blade-ceiling-fan,3799.0,3799.0,"Color, Sweep Size",Matt Brown/900mm :: SKU=FG0421 :: ₹3799.00 | Matte Brown and Black/900mm :: SKU=FG0384 :: ₹3799.00,2,https://cdn.shopify.com/s/files/1/0712/5159/1221/files/brown2_1.jpg?v=1783436425 | https://cdn.shopify.com/s/files/1/0712/5159/1221/files/brownblack2_1.jpg?v=1783436424,2026-07-07T20:30:22+05:30,2026-09-08T08:56:53+05:30
