category,sku,name,price_text,product_url,image_url
Ceiling Fan,SUPERIA,SP02 BLDC 1200mm Sweep 5 Aluminium Blades Antique Copper Rosewood,Rs. 19999,https://polycab.com/superia-sp02-bldc-1200mm-sweep-5-aluminium-blades-antique-copper-rosewood/c-4980/p-53963,https://cms.polycab.com/media/uqndevyt/fcespst031p_img_01.png?format=webp
Ceiling Fan,,POISE BLDC 1200mm Sweep 5 Aluminium Blades Black Darkwood,Rs. 18999,https://polycab.com/poise-bldc-1200mm-sweep-5-aluminium-blades-black-darkwood/c-4980/p-53908,https://cms.polycab.com/media/pgohhi00/fcespst034p_img_01.png?format=webp
Ceiling Fan,DIVINA,UL5 BLDC 1230mm Sweep 5 Plastic Blade Walnut Wood,Rs. 17499,https://polycab.com/divina-ul5-bldc-1230mm-sweep-5-plastic-blade-walnut-wood/c-4980/p-60708,https://cms.polycab.com/media/5xhaouju/fcbldces070p_img_01.png?format=webp
Ceiling Fan,DIVINA,BLDC 1200mm Sweep 6 Aluminium Blades Antique Copper Rosewood,Rs. 16999,https://polycab.com/divina-bldc-1200mm-sweep-6-aluminium-blades-antique-copper-rosewood/c-4980/p-53871,https://cms.polycab.com/media/oh3nlra2/fcespst033p_img_01.png?format=webp
Ceiling Fan,SUPERIA,SP04 BLDC 1200mm Sweep 5 Aluminium Blades Antique Copper Rosewood,Rs. 16999,https://polycab.com/superia-sp04-bldc-1200mm-sweep-5-aluminium-blades-antique-copper-rosewood/c-4980/p-53977,https://cms.polycab.com/media/k3jipgow/fcespst032p_img_01.png?format=webp
Ceiling Fan,DIVINA,UL5 BLDC 1230mm Sweep 5 Plastic Blade Classic White,Rs. 16999,https://polycab.com/divina-ul5-bldc-1230mm-sweep-5-plastic-blade-classic-white/c-4980/p-60707,https://cms.polycab.com/media/ap0afjoh/fcbldces069p_img_01.png?format=webp
Ceiling Fan,SUPERIA,SP06 600mm Sweep 4 Aluminium Blades Brown,Rs. 15999,https://polycab.com/superia-sp06-600mm-sweep-4-aluminium-blades-brown/c-4979/p-53979,https://cms.polycab.com/media/4gxgwttj/fcespst006p_img_01.png?format=webp
Ceiling Fan,SILENCIO,CRUISER PRIME BLDC 1200mm Sweep 3 ABS Blades Walnut Wood,Rs. 14999,https://polycab.com/silencio-cruiser-prime-bldc-1200mm-sweep-3-abs-blades-walnut-wood/c-4980/p-53869,https://cms.polycab.com/media/tmub5mfx/fcbldces052m_img_01.jpg?format=webp
Ceiling Fan,SILENCIO,CRUISER PRIME 1200mm Sweep 3 ABS Blades Walnutwood,Rs. 14199,https://polycab.com/silencio-cruiser-prime-1200mm-sweep-3-abs-blades-walnutwood/c-4979/p-53915,https://cms.polycab.com/media/xsxmjrla/fcespst053m_img_01.png?format=webp
Ceiling Fan,SUPERIA,SP01 1200mm Sweep 3 Aluminium Blades Antique Copper Rosewood,Rs. 13499,https://polycab.com/superia-sp01-1200mm-sweep-3-aluminium-blades-antique-copper-rosewood/c-4979/p-53971,https://cms.polycab.com/media/q4hcnq33/fcespst024p_img_01.png?format=webp
Ceiling Fan,SUPERIA,SP01 1200mm Sweep 3 Aluminium Blades Antique Brass Darkwood,Rs. 13499,https://polycab.com/superia-sp01-1200mm-sweep-3-aluminium-blades-antique-brass-darkwood/c-4979/p-53972,https://cms.polycab.com/media/f5oflcek/fcespst025p_img_01.png?format=webp
Ceiling Fan,SUPERIA,SP01 1200mm Sweep 3 Aluminium Blades White,Rs. 13499,https://polycab.com/superia-sp01-1200mm-sweep-3-aluminium-blades-white/c-4979/p-53973,https://cms.polycab.com/media/v0bnrdrf/fcespst026p_img_01.png?format=webp
Table Fan,,Aery HS Table Fan 400mm Sweep 3 Blades White (With Copper Motor),Rs. 4199,https://polycab.com/aery-hs-table-fan-400mm-sweep-3-blades-white-with-copper-motor/c-4985/p-53837,https://cms.polycab.com/media/blke1off/ftahsst017p_img_01.png?format=webp
Table Fan,,Aery HS Table Fan 400mm Sweep 3 Blades Sky Blue (With Copper Motor),Rs. 4199,https://polycab.com/aery-hs-table-fan-400mm-sweep-3-blades-sky-blue-with-copper-motor/c-4985/p-53838,https://cms.polycab.com/media/oyrmf0tw/ftahsst016p_img_01.png?format=webp
Table Fan,,Aery HS Table Fan 400mm Sweep 3 Blades Black (With Copper Motor),Rs. 4199,https://polycab.com/aery-hs-table-fan-400mm-sweep-3-blades-black-with-copper-motor/c-4985/p-53840,https://cms.polycab.com/media/vq1bsqef/ftahsst018p_img_01.png?format=webp
Table Fan,,Aery HS Table Fan 400mm Sweep 3 Blades Turquoise Blue (With Copper Motor),Rs. 4199,https://polycab.com/aery-hs-table-fan-400mm-sweep-3-blades-turquoise-blue-with-copper-motor/c-4985/p-53842,https://cms.polycab.com/media/jtcjp2yv/ftahsst015p_img_01.png?format=webp
Table Fan,,Aery HS Table Fan 400mm Sweep 3 Blades Blue (With Copper Motor),Rs. 4199,https://polycab.com/aery-hs-table-fan-400mm-sweep-3-blades-blue-with-copper-motor/c-4985/p-53843,https://cms.polycab.com/media/o2xapcxo/ftahsst014p_img_01.png?format=webp
Table Fan,,Aery Table Fan 400mm Sweep 3 Blades Sky Blue (With Copper Motor),Rs. 3599,https://polycab.com/aery-table-fan-400mm-sweep-3-blades-sky-blue-with-copper-motor/c-4985/p-53834,https://cms.polycab.com/media/rt3jtpon/ftansst024p_img_01.png?format=webp
Table Fan,,Aery Table Fan 400mm Sweep 3 Blades White (With Copper Motor),Rs. 3599,https://polycab.com/aery-table-fan-400mm-sweep-3-blades-white-with-copper-motor/c-4985/p-53835,https://cms.polycab.com/media/aaahftzs/ftansst025p_img_01.png?format=webp
Table Fan,,Aery Table Fan 400mm Sweep 3 Blades Black (With Copper Motor),Rs. 3599,https://polycab.com/aery-table-fan-400mm-sweep-3-blades-black-with-copper-motor/c-4985/p-53839,https://cms.polycab.com/media/vpdflv0h/ftansst026p_img_01.png?format=webp
Table Fan,,Aery Table Fan 400mm Sweep 3 Blades Turquoise Blue (With Copper Motor),Rs. 3599,https://polycab.com/aery-table-fan-400mm-sweep-3-blades-turquoise-blue-with-copper-motor/c-4985/p-53841,https://cms.polycab.com/media/2rvbmqy0/ftansst027p_img_01.png?format=webp
Table Fan,,Aery Table Fan 400mm Sweep 3 Blades Blue (With Copper Motor),Rs. 3599,https://polycab.com/aery-table-fan-400mm-sweep-3-blades-blue-with-copper-motor/c-4985/p-53844,https://cms.polycab.com/media/dmzno1do/ftansst019p_img_01.png?format=webp
Table Fan,,Elanza 400mm Sweep 5 Blades White Grey (With Copper Motor),Rs. 3499,https://polycab.com/elanza-400mm-sweep-5-blades-white-grey-with-copper-motor/c-4985/p-53832,https://cms.polycab.com/media/2oqbnfit/ftansst023p_img_01.png?format=webp
Wall Fan,,Aerobliss Metal Wall Fan 450mm Sweep 3 Blades Black Chrome (With Copper Motor),Rs. 6999,https://polycab.com/aerobliss-metal-wall-fan-450mm-sweep-3-blades-black-chrome-with-copper-motor/c-4986/p-53862,https://cms.polycab.com/media/txqlorhy/fpehsst032p_img_01.png?format=webp
Wall Fan,,Aery HS Wall Fan 400mm Sweep 3 Blades White (With Copper Motor),Rs. 4299,https://polycab.com/aery-hs-wall-fan-400mm-sweep-3-blades-white-with-copper-motor/c-4986/p-53852,https://cms.polycab.com/media/dsvhymho/fwahsst022p_img_01.png?format=webp
Wall Fan,,Aery HS Wall Fan 400mm Sweep 3 Blades Turquoise Blue (With Copper Motor),Rs. 4299,https://polycab.com/aery-hs-wall-fan-400mm-sweep-3-blades-turquoise-blue-with-copper-motor/c-4986/p-53854,https://cms.polycab.com/media/vb4hidhb/fwahsst020p_img_01.png?format=webp
Wall Fan,,Aery HS Wall Fan 400mm Sweep 3 Blades Sky Blue (With Copper Motor),Rs. 4299,https://polycab.com/aery-hs-wall-fan-400mm-sweep-3-blades-sky-blue-with-copper-motor/c-4986/p-53856,https://cms.polycab.com/media/nfgbqt0z/fwahsst021p_img_01.png?format=webp
Wall Fan,,Aery HS Wall Fan 400mm Sweep 3 Blades Blue (With Copper Motor),Rs. 4299,https://polycab.com/aery-hs-wall-fan-400mm-sweep-3-blades-blue-with-copper-motor/c-4986/p-53857,https://cms.polycab.com/media/dvapf2vt/fwahsst015p_img_01.png?format=webp
Wall Fan,,Aery HS Wall Fan 400mm Sweep 3 Blades Black (With Copper Motor),Rs. 4299,https://polycab.com/aery-hs-wall-fan-400mm-sweep-3-blades-black-with-copper-motor/c-4986/p-53858,https://cms.polycab.com/media/zu4ggidb/fwahsst023p_img_01.png?format=webp
Wall Fan,,Aery Wall Fan 400mm Sweep 3 Blades White (With Copper Motor),Rs. 3699,https://polycab.com/aery-wall-fan-400mm-sweep-3-blades-white-with-copper-motor/c-4986/p-53850,https://cms.polycab.com/media/syujdtg2/fwansst026p_img_01.png?format=webp
Wall Fan,,Aery Wall Fan 400mm Sweep 3 Blades Turquoise Blue (With Copper Motor),Rs. 3699,https://polycab.com/aery-wall-fan-400mm-sweep-3-blades-turquoise-blue-with-copper-motor/c-4986/p-53853,https://cms.polycab.com/media/ldwllkxs/fwansst024p_img_01.png?format=webp
Wall Fan,,Aery Wall Fan 400mm Sweep 3 Blades Sky Blue (With Copper Motor),Rs. 3699,https://polycab.com/aery-wall-fan-400mm-sweep-3-blades-sky-blue-with-copper-motor/c-4986/p-53855,https://cms.polycab.com/media/wmtp45nk/fwansst025p_img_01.png?format=webp
Wall Fan,,Aery Wall Fan 400mm Sweep 3 Blades Black (With Copper Motor),Rs. 3699,https://polycab.com/aery-wall-fan-400mm-sweep-3-blades-black-with-copper-motor/c-4986/p-53859,https://cms.polycab.com/media/pyilitpa/fwansst027p_img_01.png?format=webp
Wall Fan,,Aery Wall Fan 400mm Sweep 3 Blades Blue (With Copper Motor),Rs. 3699,https://polycab.com/aery-wall-fan-400mm-sweep-3-blades-blue-with-copper-motor/c-4986/p-53860,https://cms.polycab.com/media/gszlu5mn/fwansst018p_img_01.png?format=webp
Wall Fan,,Elanza Wall Fan 400mm Sweep 5 Blades White Grey (With Copper Motor),Rs. 3599,https://polycab.com/elanza-wall-fan-400mm-sweep-5-blades-white-grey-with-copper-motor/c-4986/p-53846,https://cms.polycab.com/media/yhdd4i0c/fwansst023p_img_01.png?format=webp
Pedestal Fan,,Marvo Anti-Mosquito Pedestal Fan 400mm Sweep 3 Blades Sky Blue (With Copper Motor),Rs. 5199,https://polycab.com/marvo-anti-mosquito-pedestal-fan-400mm-sweep-3-blades-sky-blue-with-copper-motor/c-4984/p-53777,https://cms.polycab.com/media/ic1hpuf5/fpensst043p_img_01.png?format=webp
Pedestal Fan,,Aery HS Pedestal Fan 400mm Sweep 3 Blades Turquoise Blue (With Copper Motor),Rs. 4999,https://polycab.com/aery-hs-pedestal-fan-400mm-sweep-3-blades-turquoise-blue-with-copper-motor/c-4984/p-53769,https://cms.polycab.com/media/5rea4rjg/fpehsst023p_img_01.png?format=webp
Pedestal Fan,,Aery HS Pedestal Fan 400mm Sweep 3 Blades Sky Blue (With Copper Motor),Rs. 4999,https://polycab.com/aery-hs-pedestal-fan-400mm-sweep-3-blades-sky-blue-with-copper-motor/c-4984/p-53770,https://cms.polycab.com/media/1hvnlune/fpehsst024p_img_01.png?format=webp
Pedestal Fan,,Aery HS Pedestal Fan 400mm Sweep 3 Blades Blue (With Copper Motor),Rs. 4999,https://polycab.com/aery-hs-pedestal-fan-400mm-sweep-3-blades-blue-with-copper-motor/c-4984/p-53771,https://cms.polycab.com/media/o3xgozik/fpehsst015p_img_01.png?format=webp
Pedestal Fan,,Aery HS Pedestal Fan 400mm Sweep 3 Blades White (With Copper Motor),Rs. 4999,https://polycab.com/aery-hs-pedestal-fan-400mm-sweep-3-blades-white-with-copper-motor/c-4984/p-53772,https://cms.polycab.com/media/yusnkhbw/fpehsst025p_img_01.png?format=webp
Pedestal Fan,,Aery HS Pedestal Fan 400mm Sweep 3 Blades Black (With Copper Motor),Rs. 4999,https://polycab.com/aery-hs-pedestal-fan-400mm-sweep-3-blades-black-with-copper-motor/c-4984/p-53775,https://cms.polycab.com/media/3skhw4bl/fpehsst026p_img_01.png?format=webp
Pedestal Fan,,Aery Pedestal Fan 400mm Sweep 3 Blades Sky Blue (With Copper Motor),Rs. 4499,https://polycab.com/aery-pedestal-fan-400mm-sweep-3-blades-sky-blue-with-copper-motor/c-4984/p-53765,https://cms.polycab.com/media/2zdbd52o/fpensst037p_img_01.png?format=webp
Pedestal Fan,,Aery Pedestal Fan 400mm Sweep 3 Blades White (With Copper Motor),Rs. 4499,https://polycab.com/aery-pedestal-fan-400mm-sweep-3-blades-white-with-copper-motor/c-4984/p-53766,https://cms.polycab.com/media/xp4kcder/fpensst038p_img_01.png?format=webp
Pedestal Fan,,Aery Pedestal Fan 400mm Sweep 3 Blades Turquoise Blue (With Copper Motor),Rs. 4499,https://polycab.com/aery-pedestal-fan-400mm-sweep-3-blades-turquoise-blue-with-copper-motor/c-4984/p-53767,https://cms.polycab.com/media/jxeddj2b/fpensst036p_img_01.png?format=webp
Pedestal Fan,,Aery Pedestal Fan 400mm Sweep 3 Blades Black (With Copper Motor),Rs. 4499,https://polycab.com/aery-pedestal-fan-400mm-sweep-3-blades-black-with-copper-motor/c-4984/p-53773,https://cms.polycab.com/media/f3biolqr/fpensst039p_img_01.png?format=webp
Pedestal Fan,,Aery Pedestal Fan 400mm Sweep 3 Blades Blue (With Copper Motor),Rs. 4499,https://polycab.com/aery-pedestal-fan-400mm-sweep-3-blades-blue-with-copper-motor/c-4984/p-53774,https://cms.polycab.com/media/3qcpwwer/fpensst028p_img_01.png?format=webp
Pedestal Fan,,Elanza Pedestal Fan 400mm Sweep 5 Blades White Grey (With Copper Motor),Rs. 4299,https://polycab.com/elanza-pedestal-fan-400mm-sweep-5-blades-white-grey-with-copper-motor/c-4984/p-53763,https://cms.polycab.com/media/klyntnu2/fpensst035p_img_01.png?format=webp
Exhaust Fan,SUPERB,Heavy Duty Exhaust 450mm Sweep Silver Grey Exhaust Fan,Rs. 9499,https://polycab.com/superb-heavy-duty-exhaust-450mm-sweep-silver-grey-exhaust-fan/c-4982/p-53801,https://cms.polycab.com/media/zenfwnfy/fexinhd009p_img_01.png?format=webp
Exhaust Fan,SUPERB,Heavy Duty Exhaust 380mm Sweep Silver Grey Exhaust Fan,Rs. 6999,https://polycab.com/superb-heavy-duty-exhaust-380mm-sweep-silver-grey-exhaust-fan/c-4982/p-53802,https://cms.polycab.com/media/pwtfx0kz/fexinhd008p_img_01.png?format=webp
Exhaust Fan,SUPERB,Heavy Duty Exhaust 300mm Sweep Silver Grey Exhaust Fan,Rs. 4799,https://polycab.com/superb-heavy-duty-exhaust-300mm-sweep-silver-grey-exhaust-fan/c-4982/p-53803,https://cms.polycab.com/media/ufphwbwb/fexinhd010p_img_01.png?format=webp
Exhaust Fan,,Freshner ES Metal 225mm Sweep Gold Black Exhaust Fan,Rs. 2799,https://polycab.com/freshner-es-metal-225mm-sweep-gold-black-exhaust-fan/c-4982/p-53806,https://cms.polycab.com/media/airnspj5/fexdove008p_img_01.png?format=webp
Exhaust Fan,FRESHLY,PRIME BLDC 150mm Sweep Classic White Exhaust Fan,Rs. 2799,https://polycab.com/freshly-prime-bldc-150mm-sweep-classic-white-exhaust-fan/c-4982/p-60749,https://cms.polycab.com/media/wpudxvnh/fexdove049p_img_01.png?format=webp
Exhaust Fan,FRESHLY,PRIME PREMIUM 150mm Sweep Classic White Exhaust Fan,Rs. 2399,https://polycab.com/freshly-prime-premium-150mm-sweep-classic-white-exhaust-fan/c-4982/p-60751,https://cms.polycab.com/media/a20lrx3h/fexdove047p_img_01.png?format=webp
Exhaust Fan,,Freshner ES Metal 300mm Sweep Gold Black Exhaust Fan,Rs. 2299,https://polycab.com/freshner-es-metal-300mm-sweep-gold-black-exhaust-fan/c-4982/p-53805,https://cms.polycab.com/media/z0vfaw2m/fexdove009p_img_01.png?format=webp
Exhaust Fan,FRESHLY,PRIME 150mm Sweep Wood Exhaust Fan,Rs. 2199,https://polycab.com/freshly-prime-150mm-sweep-wood-exhaust-fan/c-4982/p-53793,https://cms.polycab.com/media/cbjjeco0/fexdove036p_img_01.png?format=webp
Exhaust Fan,FRESHLY,PRIME 150mm Sweep White Exhaust Fan,Rs. 2199,https://polycab.com/freshly-prime-150mm-sweep-white-exhaust-fan/c-4982/p-53823,https://cms.polycab.com/media/mp4l5ah3/fexdove035p_img_01.png?format=webp
Exhaust Fan,FRESHLY,PRIME 150mm Sweep Steel Exhaust Fan,Rs. 2199,https://polycab.com/freshly-prime-150mm-sweep-steel-exhaust-fan/c-4982/p-53824,https://cms.polycab.com/media/mswes2yv/fexdove037p_img_01.png?format=webp
Exhaust Fan,,Freshner ES Metal 150mm Sweep Gold Black Exhaust Fan,Rs. 2199,https://polycab.com/freshner-es-metal-150mm-sweep-gold-black-exhaust-fan/c-4982/p-53809,https://cms.polycab.com/media/owaek4xe/fexdove012p_img_01.png?format=webp
Exhaust Fan,,Freshner ES Metal Reversible 225mm Sweep Gold Black Exhaust Fan,Rs. 2199,https://polycab.com/freshner-es-metal-reversible-225mm-sweep-gold-black-exhaust-fan/c-4982/p-53808,https://cms.polycab.com/media/fsyfuqv4/fexdove038p_img_01.png?format=webp
Air Circulator,,Superb Air Circulator Pedestal Fan 750mm Sweep 3 Blades,Rs. 17999,https://polycab.com/superb-air-circulator-pedestal-fan-750mm-sweep-3-blades/c-4977/p-53761,https://cms.polycab.com/media/sw5nz2js/facpest006p_img_01.png?format=webp
Air Circulator,,Superb Air Circulator Wall Fan 750mm Sweep 3 Blades,Rs. 15999,https://polycab.com/superb-air-circulator-wall-fan-750mm-sweep-3-blades/c-4977/p-53760,https://cms.polycab.com/media/ebajrk2h/facwast003p_img_01.png?format=webp
Air Circulator,,Superb Air Circulator Pedestal Fan 600mm Sweep 3 Blades,Rs. 14999,https://polycab.com/superb-air-circulator-pedestal-fan-600mm-sweep-3-blades/c-4977/p-53757,https://cms.polycab.com/media/qf5ej5iq/facpest005p_img_01.png?format=webp
Air Circulator,,Superb Air Circulator Pedestal Fan 450mm Sweep 3 Blades,Rs. 12999,https://polycab.com/superb-air-circulator-pedestal-fan-450mm-sweep-3-blades/c-4977/p-53759,https://cms.polycab.com/media/e3kh1o3n/facpest004p_img_01.png?format=webp
Air Circulator,,Superb Air Circulator Wall Fan 600mm Sweep 3 Blades,Rs. 11999,https://polycab.com/superb-air-circulator-wall-fan-600mm-sweep-3-blades/c-4977/p-53755,https://cms.polycab.com/media/cvnbuiox/facwast002p_img_01.png?format=webp
Air Circulator,,Superb Air Circulator Wall Fan 450mm Sweep 3 Blades,Rs. 10999,https://polycab.com/superb-air-circulator-wall-fan-450mm-sweep-3-blades/c-4977/p-53758,https://cms.polycab.com/media/ovebne2r/facwast001p_img_01.png?format=webp
Farrata Fan,AEROBLISS,FARRATA Fan 450mm Sweep 3 Blades Black Chrome,Rs. 6899,https://polycab.com/aerobliss-farrata-fan-450mm-sweep-3-blades-black-chrome/c-4983/p-53787,https://cms.polycab.com/media/ftyk05ua/fpehsst027p_img_01.png?format=webp
Farrata Fan,MAARUT,Farrata Fan 450mm Sweep 3 Blades Silver,Rs. 6699,https://polycab.com/maarut-farrata-fan-450mm-sweep-3-blades-silver/c-4983/p-53785,https://cms.polycab.com/media/2tmfepdv/fpensst008p_img_01.png?format=webp
Farrata Fan,THUNDERSTORM,FARRATA Fan 500mm Sweep 3 Blades Black Chrome,Rs. 6299,https://polycab.com/thunderstorm-farrata-fan-500mm-sweep-3-blades-black-chrome/c-4983/p-53789,https://cms.polycab.com/media/jhjmwh04/fpensst050p_img_001.png?format=webp
Farrata Fan,THUNDERSTROM,NEO Fan 500mm Sweep 3 Blades Grey,Rs. 6199,https://polycab.com/thunderstrom-neo-fan-500mm-sweep-3-blades-grey/c-4983/p-60753,https://cms.polycab.com/media/i3ob42xw/fpensst052p_img_01.png?format=webp
Farrata Fan,SUNAMI,FARRATA BLACK CHROME II Fan 500mm Sweep 3 Blades Black Chrome,Rs. 6099,https://polycab.com/sunami-farrata-black-chrome-ii-fan-500mm-sweep-3-blades-black-chrome/c-4983/p-53783,https://cms.polycab.com/media/wmalliog/fpensst030p_img_01.png?format=webp
Farrata Fan,AFRESH,NEO Fan 400mm Sweep 3 Blades Black,Rs. 4999,https://polycab.com/afresh-neo-fan-400mm-sweep-3-blades-black/c-4983/p-53791,https://cms.polycab.com/media/0fwobdzw/fpehsst033p_img_01.png?format=webp
